SampleID,Site,Treatment,HeadSpace_Ht_cm,soil_pH_water_airdried,DryMass_SoilOnly_g,DryMass_NONsoil_ALL_g,VolumeSoil_cm3,rownum,TREATMENT_PHASE,sequence_valve,Picarro_start,Picarro_stop,Total_core_mass_pot_pie_pans_g,Additional_Wt_toRemove,picarro_records
C21,CPCRW,drought,0.5,5.09,225.9,261.43,243.7,206,DROUGHT4C_PRE_INCUBATION,1,2016-10-06T22:15:00Z,2016-10-07T13:15:00Z,553.21,NA,18
C22,CPCRW,drought,0.5,5.1,216.87,140.41,289.7,207,DROUGHT4C_PRE_INCUBATION,2,2016-10-06T22:15:00Z,2016-10-07T13:15:00Z,419.01,NA,18
C23,CPCRW,drought,0.5,5.67,214.95,116.61,300.7,208,DROUGHT4C_PRE_INCUBATION,3,2016-10-06T22:15:00Z,2016-10-07T13:15:00Z,358.91,NA,18
C24,CPCRW,drought,0.5,5.05,198.71,125.4,289.7,209,DROUGHT4C_PRE_INCUBATION,4,2016-10-06T22:15:00Z,2016-10-07T13:15:00Z,383.45,NA,18
C25,CPCRW,drought,0.5,4.7,232.3,114.34,299.7,210,DROUGHT4C_PRE_INCUBATION,5,2016-10-06T22:15:00Z,2016-10-07T13:15:00Z,375.89,NA,18
C6,CPCRW,sat_I,1,5.94,188.05,272.1,206.9,212,IMMEDIATE_SATURATION,6,2016-10-07T23:22:00Z,2016-10-08T14:30:00Z,593.35,10,197
C7,CPCRW,sat_I,0,5.44,367.98,105.91,322.5,213,IMMEDIATE_SATURATION,7,2016-10-07T23:22:00Z,2016-10-08T14:30:00Z,605.26,10,197
C8,CPCRW,sat_I,2,5.22,255.05,109.05,228.29,214,IMMEDIATE_SATURATION,8,2016-10-07T23:22:00Z,2016-10-08T14:30:00Z,539.8,10,197
C9,CPCRW,sat_I,2,5.44,173.28,201.1,196.29,215,IMMEDIATE_SATURATION,9,2016-10-07T23:22:00Z,2016-10-08T14:30:00Z,551.43,10,197
C10,CPCRW,sat_I,1,5.08,285.19,125.19,267.9,216,IMMEDIATE_SATURATION,10,2016-10-07T23:22:00Z,2016-10-08T14:30:00Z,547.71,10,197
C21,CPCRW,drought,0.5,5.09,225.9,261.43,243.7,218,DROUGHT4C_PRE_INCUBATION,1,2016-10-09T15:30:00Z,2016-10-10T04:30:00Z,550.12,NA,18
C22,CPCRW,drought,0.5,5.1,216.87,140.41,289.7,219,DROUGHT4C_PRE_INCUBATION,2,2016-10-09T15:30:00Z,2016-10-10T04:30:00Z,416.27,NA,18
C23,CPCRW,drought,0.5,5.67,214.95,116.61,300.7,220,DROUGHT4C_PRE_INCUBATION,3,2016-10-09T15:30:00Z,2016-10-10T04:30:00Z,356.23,NA,18
C24,CPCRW,drought,0.5,5.05,198.71,125.4,289.7,221,DROUGHT4C_PRE_INCUBATION,4,2016-10-09T15:30:00Z,2016-10-10T04:30:00Z,379.47,NA,18
C25,CPCRW,drought,0.5,4.7,232.3,114.34,299.7,222,DROUGHT4C_PRE_INCUBATION,5,2016-10-09T15:30:00Z,2016-10-10T04:30:00Z,373.08,NA,18
C16,CPCRW,field_moist,0,4.89,213.67,124.03,318.5,235,FIELD_MOIST_INCUBATION,8,2016-10-11T17:56:00Z,2016-10-11T20:56:00Z,421.27,NA,30
C17,CPCRW,field_moist,3,4.99,209.99,129.62,174.69,236,FIELD_MOIST_INCUBATION,6,2016-10-11T17:56:00Z,2016-10-11T20:56:00Z,408.79,NA,30
C18,CPCRW,field_moist,0,4.9,168.51,143.44,312.5,237,FIELD_MOIST_INCUBATION,1,2016-10-11T17:56:00Z,2016-10-11T20:56:00Z,393.96,NA,30
C19,CPCRW,field_moist,0,5.22,320.73,109.36,327.5,238,FIELD_MOIST_INCUBATION,7,2016-10-11T17:56:00Z,2016-10-11T20:56:00Z,537.98,NA,30
C20,CPCRW,field_moist,0,4.96,278.9,150.95,302.5,239,FIELD_MOIST_INCUBATION,2,2016-10-11T17:56:00Z,2016-10-11T20:56:00Z,525.74,NA,30
C11,CPCRW,sat_II,3,NA,150.55,249.76,206.69,224,SATURATION_SATURATION,11,2016-10-12T00:00:00Z,2016-10-12T15:30:00Z,556.06,10,232
C12,CPCRW,sat_II,3,NA,232.06,137.83,171.69,225,SATURATION_SATURATION,12,2016-10-12T00:00:00Z,2016-10-12T15:30:00Z,500.25,10,232
C13,CPCRW,sat_II,1,NA,138.96,296.76,186.9,226,SATURATION_SATURATION,13,2016-10-12T00:00:00Z,2016-10-12T15:30:00Z,599.65,10,232
C14,CPCRW,sat_II,1.5,NA,233.1,151.38,235.09,227,SATURATION_SATURATION,14,2016-10-12T00:00:00Z,2016-10-12T15:30:00Z,577.71,10,232
C15,CPCRW,sat_II,5,4.77,156.34,112.97,94.48,228,SATURATION_SATURATION,15,2016-10-12T00:00:00Z,2016-10-12T15:30:00Z,484.2,10,232
C21,CPCRW,drought,0.5,5.09,225.9,261.43,243.7,230,DROUGHT4C_PRE_INCUBATION,1,2016-10-13T16:30:00Z,2016-10-13T19:44:00Z,545.4,NA,15
C22,CPCRW,drought,0.5,5.1,216.87,140.41,289.7,231,DROUGHT4C_PRE_INCUBATION,2,2016-10-13T16:30:00Z,2016-10-13T19:44:00Z,411.84,NA,15
C23,CPCRW,drought,0.5,5.67,214.95,116.61,300.7,232,DROUGHT4C_PRE_INCUBATION,3,2016-10-13T16:30:00Z,2016-10-13T19:44:00Z,353.58,NA,15
C24,CPCRW,drought,0.5,5.05,198.71,125.4,289.7,233,DROUGHT4C_PRE_INCUBATION,4,2016-10-13T16:30:00Z,2016-10-13T19:44:00Z,373.86,NA,15
C25,CPCRW,drought,0.5,4.7,232.3,114.34,299.7,234,DROUGHT4C_PRE_INCUBATION,5,2016-10-13T16:30:00Z,2016-10-13T19:44:00Z,364.53,NA,15
C11,CPCRW,sat_II,3,NA,150.55,249.76,206.69,241,SATURATION_INCUBATION,2,2016-10-15T17:37:00Z,2016-10-15T20:30:00Z,578.73,NA,30
C12,CPCRW,sat_II,3,NA,232.06,137.83,171.69,242,SATURATION_INCUBATION,8,2016-10-15T17:37:00Z,2016-10-15T20:30:00Z,518.27,NA,30
C13,CPCRW,sat_II,1,NA,138.96,296.76,186.9,243,SATURATION_INCUBATION,7,2016-10-15T17:37:00Z,2016-10-15T20:30:00Z,622.71,NA,30
C14,CPCRW,sat_II,1.5,NA,233.1,151.38,235.09,244,SATURATION_INCUBATION,1,2016-10-15T17:37:00Z,2016-10-15T20:30:00Z,587.58,NA,30
C15,CPCRW,sat_II,5,4.77,156.34,112.97,94.48,245,SATURATION_INCUBATION,15,2016-10-15T17:37:00Z,2016-10-15T20:30:00Z,464.49,NA,30
C16,CPCRW,field_moist,0,4.89,213.67,124.03,318.5,246,FIELD_MOIST_INCUBATION,4,2016-10-15T17:37:00Z,2016-10-15T20:30:00Z,414.27,NA,30
C17,CPCRW,field_moist,3,4.99,209.99,129.62,174.69,247,FIELD_MOIST_INCUBATION,3,2016-10-15T17:37:00Z,2016-10-15T20:30:00Z,397.46,NA,30
C18,CPCRW,field_moist,0,4.9,168.51,143.44,312.5,248,FIELD_MOIST_INCUBATION,5,2016-10-15T17:37:00Z,2016-10-15T20:30:00Z,387.01,NA,30
C19,CPCRW,field_moist,0,5.22,320.73,109.36,327.5,249,FIELD_MOIST_INCUBATION,13,2016-10-15T17:37:00Z,2016-10-15T20:30:00Z,530.34,NA,30
C20,CPCRW,field_moist,0,4.96,278.9,150.95,302.5,250,FIELD_MOIST_INCUBATION,6,2016-10-15T17:37:00Z,2016-10-15T20:30:00Z,518.83,NA,30
C16,CPCRW,field_moist,0,4.89,213.67,124.03,318.5,252,FIELD_MOIST_INCUBATION,2,2016-10-18T17:03:00Z,2016-10-18T23:05:00Z,416.54,NA,54
C17,CPCRW,field_moist,3,4.99,209.99,129.62,174.69,253,FIELD_MOIST_INCUBATION,3,2016-10-18T17:03:00Z,2016-10-18T23:05:00Z,403.22,NA,54
C18,CPCRW,field_moist,0,4.9,168.51,143.44,312.5,254,FIELD_MOIST_INCUBATION,4,2016-10-18T17:03:00Z,2016-10-18T23:05:00Z,388.55,NA,54
C19,CPCRW,field_moist,0,5.22,320.73,109.36,327.5,255,FIELD_MOIST_INCUBATION,5,2016-10-18T17:03:00Z,2016-10-18T23:05:00Z,532.25,NA,54
C20,CPCRW,field_moist,0,4.96,278.9,150.95,302.5,256,FIELD_MOIST_INCUBATION,1,2016-10-18T17:03:00Z,2016-10-18T23:05:00Z,520.91,NA,54
C11,CPCRW,sat_II,3,NA,150.55,249.76,206.69,257,SATURATION_INCUBATION,15,2016-10-18T17:03:00Z,2016-10-18T23:05:00Z,580.34,NA,54
C12,CPCRW,sat_II,3,NA,232.06,137.83,171.69,258,SATURATION_INCUBATION,6,2016-10-18T17:03:00Z,2016-10-18T23:05:00Z,509.98,NA,54
C13,CPCRW,sat_II,1,NA,138.96,296.76,186.9,259,SATURATION_INCUBATION,13,2016-10-18T17:03:00Z,2016-10-18T23:05:00Z,582.83,NA,54
C14,CPCRW,sat_II,1.5,NA,233.1,151.38,235.09,260,SATURATION_INCUBATION,8,2016-10-18T17:03:00Z,2016-10-18T23:05:00Z,569.8,NA,54
C15,CPCRW,sat_II,5,4.77,156.34,112.97,94.48,261,SATURATION_INCUBATION,7,2016-10-18T17:03:00Z,2016-10-18T23:05:00Z,477.32,NA,54
C21,CPCRW,drought,0.5,5.09,225.9,261.43,243.7,262,DROUGHT_PRE_INCUBATION,12,2016-10-18T17:03:00Z,2016-10-18T23:05:00Z,538.38,NA,54
C22,CPCRW,drought,0.5,5.1,216.87,140.41,289.7,263,DROUGHT_PRE_INCUBATION,10,2016-10-18T17:03:00Z,2016-10-18T23:05:00Z,405.49,NA,54
C23,CPCRW,drought,0.5,5.67,214.95,116.61,300.7,264,DROUGHT_PRE_INCUBATION,9,2016-10-18T17:03:00Z,2016-10-18T23:05:00Z,348.82,NA,54
C24,CPCRW,drought,0.5,5.05,198.71,125.4,289.7,265,DROUGHT_PRE_INCUBATION,14,2016-10-18T17:03:00Z,2016-10-18T23:05:00Z,368.14,NA,54
C25,CPCRW,drought,0.5,4.7,232.3,114.34,299.7,266,DROUGHT_PRE_INCUBATION,11,2016-10-18T17:03:00Z,2016-10-18T23:05:00Z,359.94,NA,54
C16,CPCRW,field_moist,0,4.89,213.67,124.03,318.5,268,FIELD_MOIST_INCUBATION,15,2016-10-20T17:37:00Z,2016-10-20T23:05:00Z,416.21,NA,68
C17,CPCRW,field_moist,3,4.99,209.99,129.62,174.69,269,FIELD_MOIST_INCUBATION,9,2016-10-20T17:37:00Z,2016-10-20T23:05:00Z,403.85,NA,68
C18,CPCRW,field_moist,0,4.9,168.51,143.44,312.5,270,FIELD_MOIST_INCUBATION,13,2016-10-20T17:37:00Z,2016-10-20T23:05:00Z,390.26,NA,68
C19,CPCRW,field_moist,0,5.22,320.73,109.36,327.5,271,FIELD_MOIST_INCUBATION,14,2016-10-20T17:37:00Z,2016-10-20T23:05:00Z,532.99,NA,68
C20,CPCRW,field_moist,0,4.96,278.9,150.95,302.5,272,FIELD_MOIST_INCUBATION,12,2016-10-20T17:37:00Z,2016-10-20T23:05:00Z,522.23,NA,68
C11,CPCRW,sat_II,3,NA,150.55,249.76,206.69,273,SATURATION_INCUBATION,6,2016-10-20T17:37:00Z,2016-10-20T23:05:00Z,547.92,NA,68
C12,CPCRW,sat_II,3,NA,232.06,137.83,171.69,274,SATURATION_INCUBATION,2,2016-10-20T17:37:00Z,2016-10-20T23:05:00Z,521.67,NA,68
C13,CPCRW,sat_II,1,NA,138.96,296.76,186.9,275,SATURATION_INCUBATION,7,2016-10-20T17:37:00Z,2016-10-20T23:05:00Z,588.08,NA,68
C14,CPCRW,sat_II,1.5,NA,233.1,151.38,235.09,276,SATURATION_INCUBATION,10,2016-10-20T17:37:00Z,2016-10-20T23:05:00Z,568.04,NA,68
C15,CPCRW,sat_II,5,4.77,156.34,112.97,94.48,277,SATURATION_INCUBATION,11,2016-10-20T17:37:00Z,2016-10-20T23:05:00Z,461.1,NA,68
C21,CPCRW,drought,0.5,5.09,225.9,261.43,243.7,278,DROUGHT_PRE_INCUBATION,8,2016-10-20T17:37:00Z,2016-10-20T23:05:00Z,530.29,NA,68
C22,CPCRW,drought,0.5,5.1,216.87,140.41,289.7,279,DROUGHT_PRE_INCUBATION,5,2016-10-20T17:37:00Z,2016-10-20T23:05:00Z,397.1,NA,68
C23,CPCRW,drought,0.5,5.67,214.95,116.61,300.7,280,DROUGHT_PRE_INCUBATION,4,2016-10-20T17:37:00Z,2016-10-20T23:05:00Z,344.15,NA,68
C24,CPCRW,drought,0.5,5.05,198.71,125.4,289.7,281,DROUGHT_PRE_INCUBATION,1,2016-10-20T17:37:00Z,2016-10-20T23:05:00Z,361.62,NA,68
C25,CPCRW,drought,0.5,4.7,232.3,114.34,299.7,282,DROUGHT_PRE_INCUBATION,3,2016-10-20T17:37:00Z,2016-10-20T23:05:00Z,355.2,NA,68
C16,CPCRW,field_moist,0,4.89,213.67,124.03,318.5,284,FIELD_MOIST_INCUBATION,5,2016-10-25T18:12:00Z,2016-10-26T01:05:00Z,422.51,NA,56
C17,CPCRW,field_moist,3,4.99,209.99,129.62,174.69,285,FIELD_MOIST_INCUBATION,6,2016-10-25T18:12:00Z,2016-10-26T01:05:00Z,418.03,NA,56
C18,CPCRW,field_moist,0,4.9,168.51,143.44,312.5,286,FIELD_MOIST_INCUBATION,13,2016-10-25T18:12:00Z,2016-10-26T01:05:00Z,390.15,NA,56
C19,CPCRW,field_moist,0,5.22,320.73,109.36,327.5,287,FIELD_MOIST_INCUBATION,11,2016-10-25T18:12:00Z,2016-10-26T01:05:00Z,532.98,NA,56
C20,CPCRW,field_moist,0,4.96,278.9,150.95,302.5,288,FIELD_MOIST_INCUBATION,10,2016-10-25T18:12:00Z,2016-10-26T01:05:00Z,521.3,NA,56
C11,CPCRW,sat_II,3,NA,150.55,249.76,206.69,289,SATURATION_INCUBATION,8,2016-10-25T18:12:00Z,2016-10-26T01:05:00Z,550.49,NA,56
C12,CPCRW,sat_II,3,NA,232.06,137.83,171.69,290,SATURATION_INCUBATION,7,2016-10-25T18:12:00Z,2016-10-26T01:05:00Z,530.62,NA,56
C13,CPCRW,sat_II,1,NA,138.96,296.76,186.9,291,SATURATION_INCUBATION,12,2016-10-25T18:12:00Z,2016-10-26T01:05:00Z,585.54,NA,56
C14,CPCRW,sat_II,1.5,NA,233.1,151.38,235.09,292,SATURATION_INCUBATION,4,2016-10-25T18:12:00Z,2016-10-26T01:05:00Z,585.79,NA,56
C15,CPCRW,sat_II,5,4.77,156.34,112.97,94.48,293,SATURATION_INCUBATION,1,2016-10-25T18:12:00Z,2016-10-26T01:05:00Z,458.48,NA,56
C21,CPCRW,drought,0.5,5.09,225.9,261.43,243.7,294,DROUGHT_PRE_INCUBATION,3,2016-10-25T18:12:00Z,2016-10-26T01:05:00Z,516.69,NA,56
C22,CPCRW,drought,0.5,5.1,216.87,140.41,289.7,295,DROUGHT_PRE_INCUBATION,2,2016-10-25T18:12:00Z,2016-10-26T01:05:00Z,384.9,NA,56
C23,CPCRW,drought,0.5,5.67,214.95,116.61,300.7,296,DROUGHT_PRE_INCUBATION,14,2016-10-25T18:12:00Z,2016-10-26T01:05:00Z,336.9,NA,56
C24,CPCRW,drought,0.5,5.05,198.71,125.4,289.7,297,DROUGHT_PRE_INCUBATION,9,2016-10-25T18:12:00Z,2016-10-26T01:05:00Z,349.06,NA,56
C25,CPCRW,drought,0.5,4.7,232.3,114.34,299.7,298,DROUGHT_PRE_INCUBATION,15,2016-10-25T18:12:00Z,2016-10-26T01:05:00Z,349.77,NA,56
C16,CPCRW,field_moist,0,4.89,213.67,124.03,318.5,300,FIELD_MOIST_INCUBATION,6,2016-10-27T17:52:00Z,2016-10-27T23:05:00Z,422.1,NA,45
C17,CPCRW,field_moist,3,4.99,209.99,129.62,174.69,301,FIELD_MOIST_INCUBATION,7,2016-10-27T17:52:00Z,2016-10-27T23:05:00Z,417.37,NA,45
C18,CPCRW,field_moist,0,4.9,168.51,143.44,312.5,302,FIELD_MOIST_INCUBATION,4,2016-10-27T17:52:00Z,2016-10-27T23:05:00Z,391.2,NA,45
C19,CPCRW,field_moist,0,5.22,320.73,109.36,327.5,303,FIELD_MOIST_INCUBATION,10,2016-10-27T17:52:00Z,2016-10-27T23:05:00Z,534.74,NA,45
C20,CPCRW,field_moist,0,4.96,278.9,150.95,302.5,304,FIELD_MOIST_INCUBATION,13,2016-10-27T17:52:00Z,2016-10-27T23:05:00Z,523.18,NA,45
C11,CPCRW,sat_II,3,NA,150.55,249.76,206.69,305,SATURATION_INCUBATION,3,2016-10-27T17:52:00Z,2016-10-27T23:05:00Z,547.81,NA,45
C12,CPCRW,sat_II,3,NA,232.06,137.83,171.69,306,SATURATION_INCUBATION,9,2016-10-27T17:52:00Z,2016-10-27T23:05:00Z,533.41,NA,45
C13,CPCRW,sat_II,1,NA,138.96,296.76,186.9,307,SATURATION_INCUBATION,15,2016-10-27T17:52:00Z,2016-10-27T23:05:00Z,587.19,NA,45
C14,CPCRW,sat_II,1.5,NA,233.1,151.38,235.09,308,SATURATION_INCUBATION,12,2016-10-27T17:52:00Z,2016-10-27T23:05:00Z,586.52,NA,45
C15,CPCRW,sat_II,5,4.77,156.34,112.97,94.48,309,SATURATION_INCUBATION,11,2016-10-27T17:52:00Z,2016-10-27T23:05:00Z,463.35,NA,45
C21,CPCRW,drought,0.5,5.09,225.9,261.43,243.7,310,DROUGHT_PRE_INCUBATION,5,2016-10-27T17:52:00Z,2016-10-27T23:05:00Z,511.23,NA,45
C22,CPCRW,drought,0.5,5.1,216.87,140.41,289.7,311,DROUGHT_PRE_INCUBATION,8,2016-10-27T17:52:00Z,2016-10-27T23:05:00Z,380.64,NA,45
C23,CPCRW,drought,0.5,5.67,214.95,116.61,300.7,312,DROUGHT_PRE_INCUBATION,2,2016-10-27T17:52:00Z,2016-10-27T23:05:00Z,335.38,NA,45
C24,CPCRW,drought,0.5,5.05,198.71,125.4,289.7,313,DROUGHT_PRE_INCUBATION,14,2016-10-27T17:52:00Z,2016-10-27T23:05:00Z,344.95,NA,45
C25,CPCRW,drought,0.5,4.7,232.3,114.34,299.7,314,DROUGHT_PRE_INCUBATION,1,2016-10-27T17:52:00Z,2016-10-27T23:05:00Z,348.55,NA,45
C16,CPCRW,field_moist,0,4.89,213.67,124.03,318.5,316,FIELD_MOIST_INCUBATION,4,2016-11-01T17:44:00Z,2016-11-01T23:05:00Z,420.78,NA,57
C17,CPCRW,field_moist,3,4.99,209.99,129.62,174.69,317,FIELD_MOIST_INCUBATION,1,2016-11-01T17:44:00Z,2016-11-01T23:05:00Z,415.88,NA,57
C18,CPCRW,field_moist,0,4.9,168.51,143.44,312.5,318,FIELD_MOIST_INCUBATION,2,2016-11-01T17:44:00Z,2016-11-01T23:05:00Z,391.39,NA,57
C19,CPCRW,field_moist,0,5.22,320.73,109.36,327.5,319,FIELD_MOIST_INCUBATION,8,2016-11-01T17:44:00Z,2016-11-01T23:05:00Z,533.42,NA,57
C20,CPCRW,field_moist,0,4.96,278.9,150.95,302.5,320,FIELD_MOIST_INCUBATION,6,2016-11-01T17:44:00Z,2016-11-01T23:05:00Z,523.32,NA,57
C11,CPCRW,sat_II,3,NA,150.55,249.76,206.69,321,SATURATION_INCUBATION,13,2016-11-01T17:44:00Z,2016-11-01T23:05:00Z,577.11,NA,57
C12,CPCRW,sat_II,3,NA,232.06,137.83,171.69,322,SATURATION_INCUBATION,14,2016-11-01T17:44:00Z,2016-11-01T23:05:00Z,551.87,NA,57
C13,CPCRW,sat_II,1,NA,138.96,296.76,186.9,323,SATURATION_INCUBATION,12,2016-11-01T17:44:00Z,2016-11-01T23:05:00Z,596.59,NA,57
C14,CPCRW,sat_II,1.5,NA,233.1,151.38,235.09,324,SATURATION_INCUBATION,15,2016-11-01T17:44:00Z,2016-11-01T23:05:00Z,599.05,NA,57
C15,CPCRW,sat_II,5,4.77,156.34,112.97,94.48,325,SATURATION_INCUBATION,5,2016-11-01T17:44:00Z,2016-11-01T23:05:00Z,484.14,NA,57
C21,CPCRW,drought,0.5,5.09,225.9,261.43,243.7,326,DROUGHT_PRE_INCUBATION,3,2016-11-01T17:44:00Z,2016-11-01T23:05:00Z,497.08,NA,57
C22,CPCRW,drought,0.5,5.1,216.87,140.41,289.7,327,DROUGHT_PRE_INCUBATION,9,2016-11-01T17:44:00Z,2016-11-01T23:05:00Z,367.66,NA,57
C23,CPCRW,drought,0.5,5.67,214.95,116.61,300.7,328,DROUGHT_PRE_INCUBATION,7,2016-11-01T17:44:00Z,2016-11-01T23:05:00Z,332.01,NA,57
C24,CPCRW,drought,0.5,5.05,198.71,125.4,289.7,329,DROUGHT_PRE_INCUBATION,10,2016-11-01T17:44:00Z,2016-11-01T23:05:00Z,334.01,NA,57
C25,CPCRW,drought,0.5,4.7,232.3,114.34,299.7,330,DROUGHT_PRE_INCUBATION,11,2016-11-01T17:44:00Z,2016-11-01T23:05:00Z,345.65,NA,57
C16,CPCRW,field_moist,0,4.89,213.67,124.03,318.5,331,FIELD_MOIST_INCUBATION,2,2016-11-03T17:50:00Z,2016-11-03T23:05:00Z,420.15,NA,55
C17,CPCRW,field_moist,3,4.99,209.99,129.62,174.69,332,FIELD_MOIST_INCUBATION,9,2016-11-03T17:50:00Z,2016-11-03T23:05:00Z,415.23,NA,55
C18,CPCRW,field_moist,0,4.9,168.51,143.44,312.5,333,FIELD_MOIST_INCUBATION,12,2016-11-03T17:50:00Z,2016-11-03T23:05:00Z,390.88,NA,55
C19,CPCRW,field_moist,0,5.22,320.73,109.36,327.5,334,FIELD_MOIST_INCUBATION,13,2016-11-03T17:50:00Z,2016-11-03T23:05:00Z,532.81,NA,55
C20,CPCRW,field_moist,0,4.96,278.9,150.95,302.5,335,FIELD_MOIST_INCUBATION,7,2016-11-03T17:50:00Z,2016-11-03T23:05:00Z,522.75,NA,55
C11,CPCRW,sat_II,3,NA,150.55,249.76,206.69,336,SATURATION_INCUBATION,1,2016-11-03T17:50:00Z,2016-11-03T23:05:00Z,537.99,NA,55
C12,CPCRW,sat_II,3,NA,232.06,137.83,171.69,337,SATURATION_INCUBATION,11,2016-11-03T17:50:00Z,2016-11-03T23:05:00Z,538.29,NA,55
C13,CPCRW,sat_II,1,NA,138.96,296.76,186.9,338,SATURATION_INCUBATION,15,2016-11-03T17:50:00Z,2016-11-03T23:05:00Z,602.44,NA,55
C14,CPCRW,sat_II,1.5,NA,233.1,151.38,235.09,339,SATURATION_INCUBATION,8,2016-11-03T17:50:00Z,2016-11-03T23:05:00Z,595.4,NA,55
C15,CPCRW,sat_II,5,4.77,156.34,112.97,94.48,340,SATURATION_INCUBATION,5,2016-11-03T17:50:00Z,2016-11-03T23:05:00Z,512.22,NA,55
C21,CPCRW,drought,0.5,5.09,225.9,261.43,243.7,341,DROUGHT_PRE_INCUBATION,3,2016-11-03T17:50:00Z,2016-11-03T23:05:00Z,493.97,NA,55
C22,CPCRW,drought,0.5,5.1,216.87,140.41,289.7,342,DROUGHT_PRE_INCUBATION,4,2016-11-03T17:50:00Z,2016-11-03T23:05:00Z,363.46,NA,55
C23,CPCRW,drought,0.5,5.67,214.95,116.61,300.7,343,DROUGHT_PRE_INCUBATION,10,2016-11-03T17:50:00Z,2016-11-03T23:05:00Z,330.91,NA,55
C24,CPCRW,drought,0.5,5.05,198.71,125.4,289.7,344,DROUGHT_PRE_INCUBATION,14,2016-11-03T17:50:00Z,2016-11-03T23:05:00Z,329.78,NA,55
C25,CPCRW,drought,0.5,4.7,232.3,114.34,299.7,345,DROUGHT_PRE_INCUBATION,6,2016-11-03T17:50:00Z,2016-11-03T23:05:00Z,345.06,NA,55
C11,CPCRW,sat_II,3,NA,150.55,249.76,206.69,347,SATURATION_INCUBATION,4,2016-11-08T17:06:00Z,2016-11-09T00:05:00Z,564.62,NA,90
C12,CPCRW,sat_II,3,NA,232.06,137.83,171.69,348,SATURATION_INCUBATION,1,2016-11-08T17:06:00Z,2016-11-09T00:05:00Z,533.46,NA,90
C13,CPCRW,sat_II,1,NA,138.96,296.76,186.9,349,SATURATION_INCUBATION,7,2016-11-08T17:06:00Z,2016-11-09T00:05:00Z,613.52,NA,90
C14,CPCRW,sat_II,1.5,NA,233.1,151.38,235.09,350,SATURATION_INCUBATION,10,2016-11-08T17:06:00Z,2016-11-09T00:05:00Z,585.31,NA,90
C15,CPCRW,sat_II,5,4.77,156.34,112.97,94.48,351,SATURATION_INCUBATION,11,2016-11-08T17:06:00Z,2016-11-09T00:05:00Z,497.86,NA,90
C16,CPCRW,field_moist,0,4.89,213.67,124.03,318.5,352,FIELD_MOIST_INCUBATION,14,2016-11-08T17:06:00Z,2016-11-09T00:05:00Z,419.76,NA,90
C17,CPCRW,field_moist,3,4.99,209.99,129.62,174.69,353,FIELD_MOIST_INCUBATION,13,2016-11-08T17:06:00Z,2016-11-09T00:05:00Z,413.93,NA,90
C18,CPCRW,field_moist,0,4.9,168.51,143.44,312.5,354,FIELD_MOIST_INCUBATION,9,2016-11-08T17:06:00Z,2016-11-09T00:05:00Z,395.03,NA,90
C19,CPCRW,field_moist,0,5.22,320.73,109.36,327.5,355,FIELD_MOIST_INCUBATION,2,2016-11-08T17:06:00Z,2016-11-09T00:05:00Z,534.63,NA,90
C20,CPCRW,field_moist,0,4.96,278.9,150.95,302.5,356,FIELD_MOIST_INCUBATION,6,2016-11-08T17:06:00Z,2016-11-09T00:05:00Z,523.54,NA,90
C21,CPCRW,drought,0.5,5.09,225.9,261.43,243.7,357,DROUGHT_INCUBATION,5,2016-11-08T17:06:00Z,2016-11-09T00:05:00Z,489.62,NA,90
C22,CPCRW,drought,0.5,5.1,216.87,140.41,289.7,374,DROUGHT_INCUBATION,3,2016-11-08T17:06:00Z,2016-11-09T00:05:00Z,356.33,NA,90
C23,CPCRW,drought,0.5,5.67,214.95,116.61,300.7,406,DROUGHT_INCUBATION,12,2016-11-08T17:06:00Z,2016-11-09T00:05:00Z,330.05,NA,90
C24,CPCRW,drought,0.5,5.05,198.71,125.4,289.7,433,DROUGHT_INCUBATION,8,2016-11-08T17:06:00Z,2016-11-09T00:05:00Z,323.49,NA,90
C25,CPCRW,drought,0.5,4.7,232.3,114.34,299.7,488,DROUGHT_INCUBATION,15,2016-11-08T17:06:00Z,2016-11-09T00:05:00Z,NA,NA,90
C21,CPCRW,drought,0.5,5.09,225.9,261.43,243.7,358,DROUGHT_INCUBATION,15,2016-11-10T18:06:00Z,2016-11-11T00:05:00Z,357.14,NA,89
C11,CPCRW,sat_II,3,NA,150.55,249.76,206.69,363,SATURATION_INCUBATION,12,2016-11-10T18:06:00Z,2016-11-11T00:05:00Z,555.76,NA,89
C12,CPCRW,sat_II,3,NA,232.06,137.83,171.69,364,SATURATION_INCUBATION,8,2016-11-10T18:06:00Z,2016-11-11T00:05:00Z,519.81,NA,89
C13,CPCRW,sat_II,1,NA,138.96,296.76,186.9,365,SATURATION_INCUBATION,1,2016-11-10T18:06:00Z,2016-11-11T00:05:00Z,585.24,NA,89
C14,CPCRW,sat_II,1.5,NA,233.1,151.38,235.09,366,SATURATION_INCUBATION,5,2016-11-10T18:06:00Z,2016-11-11T00:05:00Z,581.13,NA,89
C15,CPCRW,sat_II,5,4.77,156.34,112.97,94.48,367,SATURATION_INCUBATION,3,2016-11-10T18:06:00Z,2016-11-11T00:05:00Z,485.49,NA,89
C16,CPCRW,field_moist,0,4.89,213.67,124.03,318.5,368,FIELD_MOIST_INCUBATION,6,2016-11-10T18:06:00Z,2016-11-11T00:05:00Z,419.29,NA,89
C17,CPCRW,field_moist,3,4.99,209.99,129.62,174.69,369,FIELD_MOIST_INCUBATION,4,2016-11-10T18:06:00Z,2016-11-11T00:05:00Z,413.48,NA,89
C18,CPCRW,field_moist,0,4.9,168.51,143.44,312.5,370,FIELD_MOIST_INCUBATION,11,2016-11-10T18:06:00Z,2016-11-11T00:05:00Z,391.32,NA,89
C19,CPCRW,field_moist,0,5.22,320.73,109.36,327.5,371,FIELD_MOIST_INCUBATION,14,2016-11-10T18:06:00Z,2016-11-11T00:05:00Z,534.2,NA,89
C20,CPCRW,field_moist,0,4.96,278.9,150.95,302.5,372,FIELD_MOIST_INCUBATION,2,2016-11-10T18:06:00Z,2016-11-11T00:05:00Z,523.05,NA,89
C22,CPCRW,drought,0.5,5.1,216.87,140.41,289.7,375,DROUGHT_INCUBATION,13,2016-11-10T18:06:00Z,2016-11-11T00:05:00Z,330.09,NA,89
C23,CPCRW,drought,0.5,5.67,214.95,116.61,300.7,407,DROUGHT_INCUBATION,9,2016-11-10T18:06:00Z,2016-11-11T00:05:00Z,323.96,NA,89
C24,CPCRW,drought,0.5,5.05,198.71,125.4,289.7,434,DROUGHT_INCUBATION,10,2016-11-10T18:06:00Z,2016-11-11T00:05:00Z,344.2,NA,89
C25,CPCRW,drought,0.5,4.7,232.3,114.34,299.7,506,DROUGHT_INCUBATION,7,2016-11-10T18:06:00Z,2016-11-11T00:05:00Z,NA,NA,89
C16,CPCRW,field_moist,0,4.89,213.67,124.03,318.5,378,FIELD_MOIST_SATURATION,1,2016-11-10T22:44:00Z,2016-11-11T07:05:00Z,566.41,10,90
C17,CPCRW,field_moist,3,4.99,209.99,129.62,174.69,379,FIELD_MOIST_SATURATION,12,2016-11-10T22:44:00Z,2016-11-11T07:05:00Z,481.45,10,90
C18,CPCRW,field_moist,0,4.9,168.51,143.44,312.5,380,FIELD_MOIST_SATURATION,14,2016-11-10T22:44:00Z,2016-11-11T07:05:00Z,522.85,10,90
C19,CPCRW,field_moist,0,5.22,320.73,109.36,327.5,381,FIELD_MOIST_SATURATION,10,2016-11-10T22:44:00Z,2016-11-11T07:05:00Z,617.92,10,90
C20,CPCRW,field_moist,0,4.96,278.9,150.95,302.5,382,FIELD_MOIST_SATURATION,9,2016-11-10T22:44:00Z,2016-11-11T07:05:00Z,616.14,10,90
S7,SR,sat_II,0,5.86,126.55,55.82,344.5,383,SATURATION_SATURATION,3,2016-11-10T22:44:00Z,2016-11-11T07:05:00Z,428.1,10,90
S3,SR,sat_II,0,6.07,125.17,55.38,343.5,384,SATURATION_SATURATION,11,2016-11-10T22:44:00Z,2016-11-11T07:05:00Z,427.83,10,90
S2,SR,sat_II,0.5,5.73,121.23,60.66,323.7,385,SATURATION_SATURATION,7,2016-11-10T22:44:00Z,2016-11-11T07:05:00Z,424.18,10,90
S24,SR,sat_II,1,6.14,127.41,58.87,300.9,386,SATURATION_SATURATION,13,2016-11-10T22:44:00Z,2016-11-11T07:05:00Z,435.13,10,90
S18,SR,sat_II,2,6.13,119.84,60.18,255.29,387,SATURATION_SATURATION,15,2016-11-10T22:44:00Z,2016-11-11T07:05:00Z,404.61,10,90
S21,SR,field_moist,0,5.95,96.55,59.1,343.5,388,FIELD_MOIST_INCUBATION,11,2016-11-11T20:12:00Z,2016-11-12T04:05:00Z,346.37,NA,5
S13,SR,field_moist,0,5.96,113.62,59.04,347.5,389,FIELD_MOIST_INCUBATION,3,2016-11-11T20:12:00Z,2016-11-12T04:05:00Z,398.97,NA,5
S19,SR,field_moist,0,6.38,107.7,60.12,345.5,390,FIELD_MOIST_INCUBATION,6,2016-11-11T20:12:00Z,2016-11-12T04:05:00Z,361.47,NA,5
S15,SR,field_moist,0,6.15,128.59,59.2,343.5,391,FIELD_MOIST_INCUBATION,15,2016-11-11T20:12:00Z,2016-11-12T04:05:00Z,417.39,NA,5
S1,SR,field_moist,1,6.03,111.5,63.01,294.9,392,FIELD_MOIST_INCUBATION,13,2016-11-11T20:12:00Z,2016-11-12T04:05:00Z,379.66,NA,5
C21,CPCRW,drought,0.5,5.09,225.9,261.43,243.7,359,DROUGHT_INCUBATION,15,2016-11-14T18:22:00Z,2016-11-15T02:05:00Z,330.05,NA,100
C22,CPCRW,drought,0.5,5.1,216.87,140.41,289.7,376,DROUGHT_INCUBATION,8,2016-11-14T18:22:00Z,2016-11-15T02:05:00Z,324.3,NA,100
S15,SR,field_moist,0,6.15,128.59,59.2,343.5,394,FIELD_MOIST_INCUBATION,9,2016-11-14T18:22:00Z,2016-11-15T02:05:00Z,413.94,NA,100
S21,SR,field_moist,0,5.95,96.55,59.1,343.5,395,FIELD_MOIST_INCUBATION,14,2016-11-14T18:22:00Z,2016-11-15T02:05:00Z,343.06,NA,100
S13,SR,field_moist,0,5.96,113.62,59.04,347.5,396,FIELD_MOIST_INCUBATION,7,2016-11-14T18:22:00Z,2016-11-15T02:05:00Z,398.25,NA,100
S18,SR,sat_II,2,6.13,119.84,60.18,255.29,397,SATURATION_INCUBATION,13,2016-11-14T18:22:00Z,2016-11-15T02:05:00Z,431.56,NA,100
S24,SR,sat_II,1,6.14,127.41,58.87,300.9,398,SATURATION_INCUBATION,12,2016-11-14T18:22:00Z,2016-11-15T02:05:00Z,451.76,NA,100
S7,SR,sat_II,0,5.86,126.55,55.82,344.5,399,SATURATION_INCUBATION,3,2016-11-14T18:22:00Z,2016-11-15T02:05:00Z,429.66,NA,100
S3,SR,sat_II,0,6.07,125.17,55.38,343.5,400,SATURATION_INCUBATION,11,2016-11-14T18:22:00Z,2016-11-15T02:05:00Z,461.22,NA,100
S2,SR,sat_II,0.5,5.73,121.23,60.66,323.7,401,SATURATION_INCUBATION,6,2016-11-14T18:22:00Z,2016-11-15T02:05:00Z,451.09,NA,100
S19,SR,field_moist,0,6.38,107.7,60.12,345.5,402,FIELD_MOIST_INCUBATION,1,2016-11-14T18:22:00Z,2016-11-15T02:05:00Z,358.83,NA,100
S1,SR,field_moist,1,6.03,111.5,63.01,294.9,403,FIELD_MOIST_INCUBATION,2,2016-11-14T18:22:00Z,2016-11-15T02:05:00Z,379.9,NA,100
C23,CPCRW,drought,0.5,5.67,214.95,116.61,300.7,408,DROUGHT_INCUBATION,5,2016-11-14T18:22:00Z,2016-11-15T02:05:00Z,344.57,NA,100
C24,CPCRW,drought,0.5,5.05,198.71,125.4,289.7,484,DROUGHT_INCUBATION,10,2016-11-14T18:22:00Z,2016-11-15T02:05:00Z,NA,NA,100
C25,CPCRW,drought,0.5,4.7,232.3,114.34,299.7,507,DROUGHT_INCUBATION,4,2016-11-14T18:22:00Z,2016-11-15T02:05:00Z,NA,NA,100
S23,SR,sat_I,0,6.03,125.05,59.96,344.5,409,IMMEDIATE_SATURATION,9,2016-11-14T23:41:00Z,2016-11-15T07:05:00Z,428.82,10,35
S17,SR,sat_I,0,6.31,111.72,65.22,343.5,410,IMMEDIATE_SATURATION,14,2016-11-14T23:41:00Z,2016-11-15T07:05:00Z,414.53,10,35
S16,SR,sat_I,0,6.08,82.09,56.43,346.5,411,IMMEDIATE_SATURATION,13,2016-11-14T23:41:00Z,2016-11-15T07:05:00Z,388.13,10,35
S11,SR,sat_I,0,5.88,127.17,59.76,346.5,412,IMMEDIATE_SATURATION,11,2016-11-14T23:41:00Z,2016-11-15T07:05:00Z,396.72,10,35
S9,SR,sat_I,0,5.98,139.39,61.42,342.5,413,IMMEDIATE_SATURATION,12,2016-11-14T23:41:00Z,2016-11-15T07:05:00Z,449.4,10,35
S7,SR,sat_II,0,5.86,126.55,55.82,344.5,414,SATURATION_INCUBATION,10,2016-11-17T18:35:00Z,2016-11-18T00:55:00Z,428.39,NA,73
S3,SR,sat_II,0,6.07,125.17,55.38,343.5,415,SATURATION_INCUBATION,11,2016-11-17T18:35:00Z,2016-11-18T00:55:00Z,447.13,NA,73
S2,SR,sat_II,0.5,5.73,121.23,60.66,323.7,416,SATURATION_INCUBATION,12,2016-11-17T18:35:00Z,2016-11-18T00:55:00Z,427.29,NA,73
S24,SR,sat_II,1,6.14,127.41,58.87,300.9,417,SATURATION_INCUBATION,13,2016-11-17T18:35:00Z,2016-11-18T00:55:00Z,416.24,NA,73
S18,SR,sat_II,2,6.13,119.84,60.18,255.29,418,SATURATION_INCUBATION,1,2016-11-17T18:35:00Z,2016-11-18T00:55:00Z,428.26,NA,73
S15,SR,field_moist,0,6.15,128.59,59.2,343.5,419,FIELD_MOIST_INCUBATION,15,2016-11-17T18:35:00Z,2016-11-18T00:55:00Z,413.01,NA,73
S21,SR,field_moist,0,5.95,96.55,59.1,343.5,420,FIELD_MOIST_INCUBATION,2,2016-11-17T18:35:00Z,2016-11-18T00:55:00Z,344.48,NA,73
S13,SR,field_moist,0,5.96,113.62,59.04,347.5,421,FIELD_MOIST_INCUBATION,4,2016-11-17T18:35:00Z,2016-11-18T00:55:00Z,390.75,NA,73
S19,SR,field_moist,0,6.38,107.7,60.12,345.5,422,FIELD_MOIST_INCUBATION,5,2016-11-17T18:35:00Z,2016-11-18T00:55:00Z,359.46,NA,73
S1,SR,field_moist,1,6.03,111.5,63.01,294.9,423,FIELD_MOIST_INCUBATION,6,2016-11-17T18:35:00Z,2016-11-18T00:55:00Z,381.38,NA,73
S4,SR,drought,0.5,5.89,154.08,7.28,322.7,424,DROUGHT_PRE_INCUBATION,3,2016-11-17T18:35:00Z,2016-11-18T00:55:00Z,422.52,NA,73
S5,SR,drought,1,6.02,128.77,6.68,301.9,425,DROUGHT_PRE_INCUBATION,9,2016-11-17T18:35:00Z,2016-11-18T00:55:00Z,389.99,NA,73
S10,SR,drought,1,5.94,118.06,9.68,298.9,426,DROUGHT_PRE_INCUBATION,8,2016-11-17T18:35:00Z,2016-11-18T00:55:00Z,357.57,NA,73
S14,SR,drought,0,5.93,150.39,7.38,346.5,427,DROUGHT_PRE_INCUBATION,7,2016-11-17T18:35:00Z,2016-11-18T00:55:00Z,415.35,NA,73
S25,SR,drought,0,5.82,146.15,10.18,342.5,428,DROUGHT_PRE_INCUBATION,14,2016-11-17T18:35:00Z,2016-11-18T00:55:00Z,416.03,NA,73
C21,CPCRW,drought,0.5,5.09,225.9,261.43,243.7,360,DROUGHT_INCUBATION,14,2016-11-17T20:50:00Z,2016-11-18T07:05:00Z,324.75,NA,84
C22,CPCRW,drought,0.5,5.1,216.87,140.41,289.7,377,DROUGHT_INCUBATION,9,2016-11-17T20:50:00Z,2016-11-18T07:05:00Z,344.62,NA,84
C23,CPCRW,drought,0.5,5.67,214.95,116.61,300.7,430,DROUGHT_INCUBATION,3,2016-11-17T20:50:00Z,2016-11-18T07:05:00Z,487.93,NA,84
C24,CPCRW,drought,0.5,5.05,198.71,125.4,289.7,485,DROUGHT_INCUBATION,8,2016-11-17T20:50:00Z,2016-11-18T07:05:00Z,NA,NA,84
C25,CPCRW,drought,0.5,4.7,232.3,114.34,299.7,508,DROUGHT_INCUBATION,7,2016-11-17T20:50:00Z,2016-11-18T07:05:00Z,NA,NA,84
S7,SR,sat_II,0,5.86,126.55,55.82,344.5,436,SATURATION_INCUBATION,13,2016-11-22T19:41:00Z,2016-11-23T03:05:00Z,429.07,NA,58
S3,SR,sat_II,0,6.07,125.17,55.38,343.5,437,SATURATION_INCUBATION,9,2016-11-22T19:41:00Z,2016-11-23T03:05:00Z,444.19,NA,58
S2,SR,sat_II,0.5,5.73,121.23,60.66,323.7,438,SATURATION_INCUBATION,12,2016-11-22T19:41:00Z,2016-11-23T03:05:00Z,424.13,NA,58
S24,SR,sat_II,1,6.14,127.41,58.87,300.9,439,SATURATION_INCUBATION,15,2016-11-22T19:41:00Z,2016-11-23T03:05:00Z,415.68,NA,58
S18,SR,sat_II,2,6.13,119.84,60.18,255.29,440,SATURATION_INCUBATION,11,2016-11-22T19:41:00Z,2016-11-23T03:05:00Z,422.04,NA,58
S15,SR,field_moist,0,6.15,128.59,59.2,343.5,441,FIELD_MOIST_INCUBATION,10,2016-11-22T19:41:00Z,2016-11-23T03:05:00Z,411.24,NA,58
S21,SR,field_moist,0,5.95,96.55,59.1,343.5,442,FIELD_MOIST_INCUBATION,2,2016-11-22T19:41:00Z,2016-11-23T03:05:00Z,346.94,NA,58
S13,SR,field_moist,0,5.96,113.62,59.04,347.5,443,FIELD_MOIST_INCUBATION,14,2016-11-22T19:41:00Z,2016-11-23T03:05:00Z,394.26,NA,58
S19,SR,field_moist,0,6.38,107.7,60.12,345.5,444,FIELD_MOIST_INCUBATION,1,2016-11-22T19:41:00Z,2016-11-23T03:05:00Z,361.89,NA,58
S1,SR,field_moist,1,6.03,111.5,63.01,294.9,445,FIELD_MOIST_INCUBATION,5,2016-11-22T19:41:00Z,2016-11-23T03:05:00Z,379.95,NA,58
S4,SR,drought,0.5,5.89,154.08,7.28,322.7,446,DROUGHT_PRE_INCUBATION,3,2016-11-22T19:41:00Z,2016-11-23T03:05:00Z,412.6,NA,58
S5,SR,drought,1,6.02,128.77,6.68,301.9,447,DROUGHT_PRE_INCUBATION,4,2016-11-22T19:41:00Z,2016-11-23T03:05:00Z,386.78,NA,58
S10,SR,drought,1,5.94,118.06,9.68,298.9,448,DROUGHT_PRE_INCUBATION,8,2016-11-22T19:41:00Z,2016-11-23T03:05:00Z,352.15,NA,58
S14,SR,drought,0,5.93,150.39,7.38,346.5,449,DROUGHT_PRE_INCUBATION,7,2016-11-22T19:41:00Z,2016-11-23T03:05:00Z,408.72,NA,58
S25,SR,drought,0,5.82,146.15,10.18,342.5,450,DROUGHT_PRE_INCUBATION,9,2016-11-22T19:41:00Z,2016-11-23T03:05:00Z,406.56,NA,58
S10,SR,drought,1,5.94,118.06,9.68,298.9,452,DROUGHT_PRE_INCUBATION,2,2016-11-25T20:43:00Z,2016-11-26T03:05:00Z,347.44,NA,45
S14,SR,drought,0,5.93,150.39,7.38,346.5,453,DROUGHT_PRE_INCUBATION,1,2016-11-25T20:43:00Z,2016-11-26T03:05:00Z,403.44,NA,45
S25,SR,drought,0,5.82,146.15,10.18,342.5,454,DROUGHT_PRE_INCUBATION,6,2016-11-25T20:43:00Z,2016-11-26T03:05:00Z,NA,NA,45
S5,SR,drought,1,6.02,128.77,6.68,301.9,455,DROUGHT_PRE_INCUBATION,4,2016-11-25T20:43:00Z,2016-11-26T03:05:00Z,383.8,NA,45
S4,SR,drought,0.5,5.89,154.08,7.28,322.7,456,DROUGHT_PRE_INCUBATION,7,2016-11-25T20:43:00Z,2016-11-26T03:05:00Z,405.11,NA,45
S15,SR,field_moist,0,6.15,128.59,59.2,343.5,457,FIELD_MOIST_INCUBATION,11,2016-11-25T20:43:00Z,2016-11-26T03:05:00Z,347.44,NA,45
S21,SR,field_moist,0,5.95,96.55,59.1,343.5,458,FIELD_MOIST_INCUBATION,9,2016-11-25T20:43:00Z,2016-11-26T03:05:00Z,403.44,NA,45
S13,SR,field_moist,0,5.96,113.62,59.04,347.5,459,FIELD_MOIST_INCUBATION,3,2016-11-25T20:43:00Z,2016-11-26T03:05:00Z,NA,NA,45
S19,SR,field_moist,0,6.38,107.7,60.12,345.5,460,FIELD_MOIST_INCUBATION,14,2016-11-25T20:43:00Z,2016-11-26T03:05:00Z,383.8,NA,45
S1,SR,field_moist,1,6.03,111.5,63.01,294.9,461,FIELD_MOIST_INCUBATION,10,2016-11-25T20:43:00Z,2016-11-26T03:05:00Z,405.11,NA,45
S7,SR,sat_II,0,5.86,126.55,55.82,344.5,462,SATURATION_INCUBATION,15,2016-11-25T20:43:00Z,2016-11-26T03:05:00Z,440.56,NA,45
S3,SR,sat_II,0,6.07,125.17,55.38,343.5,463,SATURATION_INCUBATION,13,2016-11-25T20:43:00Z,2016-11-26T03:05:00Z,449.3,NA,45
S2,SR,sat_II,0.5,5.73,121.23,60.66,323.7,464,SATURATION_INCUBATION,12,2016-11-25T20:43:00Z,2016-11-26T03:05:00Z,436.45,NA,45
S24,SR,sat_II,1,6.14,127.41,58.87,300.9,465,SATURATION_INCUBATION,5,2016-11-25T20:43:00Z,2016-11-26T03:05:00Z,417.98,NA,45
S18,SR,sat_II,2,6.13,119.84,60.18,255.29,466,SATURATION_INCUBATION,8,2016-11-25T20:43:00Z,2016-11-26T03:05:00Z,419,NA,45
S7,SR,sat_II,0,5.86,126.55,55.82,344.5,468,SATURATION_INCUBATION,8,2016-11-29T18:07:00Z,2016-11-29T23:05:00Z,441.23,NA,62
S3,SR,sat_II,0,6.07,125.17,55.38,343.5,469,SATURATION_INCUBATION,2,2016-11-29T18:07:00Z,2016-11-29T23:05:00Z,450.05,NA,62
S2,SR,sat_II,0.5,5.73,121.23,60.66,323.7,470,SATURATION_INCUBATION,9,2016-11-29T18:07:00Z,2016-11-29T23:05:00Z,427.71,NA,62
S24,SR,sat_II,1,6.14,127.41,58.87,300.9,471,SATURATION_INCUBATION,12,2016-11-29T18:07:00Z,2016-11-29T23:05:00Z,419.05,NA,62
S18,SR,sat_II,2,6.13,119.84,60.18,255.29,472,SATURATION_INCUBATION,15,2016-11-29T18:07:00Z,2016-11-29T23:05:00Z,418.55,NA,62
S15,SR,field_moist,0,6.15,128.59,59.2,343.5,473,FIELD_MOIST_INCUBATION,3,2016-11-29T18:07:00Z,2016-11-29T23:05:00Z,413.53,NA,62
S21,SR,field_moist,0,5.95,96.55,59.1,343.5,474,FIELD_MOIST_INCUBATION,5,2016-11-29T18:07:00Z,2016-11-29T23:05:00Z,345.37,NA,62
S13,SR,field_moist,0,5.96,113.62,59.04,347.5,475,FIELD_MOIST_INCUBATION,1,2016-11-29T18:07:00Z,2016-11-29T23:05:00Z,395.12,NA,62
S19,SR,field_moist,0,6.38,107.7,60.12,345.5,476,FIELD_MOIST_INCUBATION,11,2016-11-29T18:07:00Z,2016-11-29T23:05:00Z,361.29,NA,62
S1,SR,field_moist,1,6.03,111.5,63.01,294.9,477,FIELD_MOIST_INCUBATION,7,2016-11-29T18:07:00Z,2016-11-29T23:05:00Z,380.66,NA,62
S4,SR,drought,0.5,5.89,154.08,7.28,322.7,478,DROUGHT_PRE_INCUBATION,14,2016-11-29T18:07:00Z,2016-11-29T23:05:00Z,397.07,NA,62
S5,SR,drought,1,6.02,128.77,6.68,301.9,479,DROUGHT_PRE_INCUBATION,4,2016-11-29T18:07:00Z,2016-11-29T23:05:00Z,380.24,NA,62
S10,SR,drought,1,5.94,118.06,9.68,298.9,480,DROUGHT_PRE_INCUBATION,13,2016-11-29T18:07:00Z,2016-11-29T23:05:00Z,341.77,NA,62
S14,SR,drought,0,5.93,150.39,7.38,346.5,481,DROUGHT_PRE_INCUBATION,10,2016-11-29T18:07:00Z,2016-11-29T23:05:00Z,396.77,NA,62
S25,SR,drought,0,5.82,146.15,10.18,342.5,482,DROUGHT_PRE_INCUBATION,6,2016-11-29T18:07:00Z,2016-11-29T23:05:00Z,394.48,NA,62
C21,CPCRW,drought,0.5,5.09,225.9,261.43,243.7,361,DROUGHT_INCUBATION,NA,2016-11-29T21:16:00Z,2016-11-30T04:05:00Z,344.57,NA,17
C22,CPCRW,drought,0.5,5.1,216.87,140.41,289.7,404,DROUGHT_INCUBATION,NA,2016-11-29T21:16:00Z,2016-11-30T04:05:00Z,488.44,NA,17
C23,CPCRW,drought,0.5,5.67,214.95,116.61,300.7,431,DROUGHT_INCUBATION,NA,2016-11-29T21:16:00Z,2016-11-30T04:05:00Z,355.38,NA,17
C24,CPCRW,drought,0.5,5.05,198.71,125.4,289.7,486,DROUGHT_INCUBATION,NA,2016-11-29T21:16:00Z,2016-11-30T04:05:00Z,NA,NA,17
C25,CPCRW,drought,0.5,4.7,232.3,114.34,299.7,509,DROUGHT_INCUBATION,NA,2016-11-29T21:16:00Z,2016-11-30T04:05:00Z,NA,NA,17
S7,SR,sat_II,0,5.86,126.55,55.82,344.5,490,SATURATION_INCUBATION,3,2016-12-02T21:36:00Z,2016-12-03T04:05:00Z,444.45,NA,83
S3,SR,sat_II,0,6.07,125.17,55.38,343.5,491,SATURATION_INCUBATION,6,2016-12-02T21:36:00Z,2016-12-03T04:05:00Z,454.78,NA,83
S2,SR,sat_II,0.5,5.73,121.23,60.66,323.7,492,SATURATION_INCUBATION,11,2016-12-02T21:36:00Z,2016-12-03T04:05:00Z,430.83,NA,83
S24,SR,sat_II,1,6.14,127.41,58.87,300.9,493,SATURATION_INCUBATION,5,2016-12-02T21:36:00Z,2016-12-03T04:05:00Z,417.16,NA,83
S18,SR,sat_II,2,6.13,119.84,60.18,255.29,494,SATURATION_INCUBATION,7,2016-12-02T21:36:00Z,2016-12-03T04:05:00Z,419.58,NA,83
S15,SR,field_moist,0,6.15,128.59,59.2,343.5,495,FIELD_MOIST_INCUBATION,14,2016-12-02T21:36:00Z,2016-12-03T04:05:00Z,417.35,NA,83
S21,SR,field_moist,0,5.95,96.55,59.1,343.5,496,FIELD_MOIST_INCUBATION,13,2016-12-02T21:36:00Z,2016-12-03T04:05:00Z,346.09,NA,83
S13,SR,field_moist,0,5.96,113.62,59.04,347.5,497,FIELD_MOIST_INCUBATION,9,2016-12-02T21:36:00Z,2016-12-03T04:05:00Z,394.96,NA,83
S19,SR,field_moist,0,6.38,107.7,60.12,345.5,498,FIELD_MOIST_INCUBATION,8,2016-12-02T21:36:00Z,2016-12-03T04:05:00Z,359.27,NA,83
S1,SR,field_moist,1,6.03,111.5,63.01,294.9,499,FIELD_MOIST_INCUBATION,12,2016-12-02T21:36:00Z,2016-12-03T04:05:00Z,379.55,NA,83
S4,SR,drought,0.5,5.89,154.08,7.28,322.7,500,DROUGHT_PRE_INCUBATION,10,2016-12-02T21:36:00Z,2016-12-03T04:05:00Z,387.88,NA,83
S5,SR,drought,1,6.02,128.77,6.68,301.9,501,DROUGHT_PRE_INCUBATION,1,2016-12-02T21:36:00Z,2016-12-03T04:05:00Z,375.9,NA,83
S10,SR,drought,1,5.94,118.06,9.68,298.9,502,DROUGHT_PRE_INCUBATION,15,2016-12-02T21:36:00Z,2016-12-03T04:05:00Z,335.24,NA,83
S14,SR,drought,0,5.93,150.39,7.38,346.5,503,DROUGHT_PRE_INCUBATION,2,2016-12-02T21:36:00Z,2016-12-03T04:05:00Z,388.75,NA,83
S25,SR,drought,0,5.82,146.15,10.18,342.5,504,DROUGHT_PRE_INCUBATION,4,2016-12-02T21:36:00Z,2016-12-03T04:05:00Z,385.11,NA,83
C21,CPCRW,drought,0.5,5.09,225.9,261.43,243.7,373,DROUGHT_INCUBATION,7,2016-12-03T01:31:00Z,2016-12-03T07:05:00Z,489.01,NA,55
C22,CPCRW,drought,0.5,5.1,216.87,140.41,289.7,405,DROUGHT_INCUBATION,5,2016-12-03T01:31:00Z,2016-12-03T07:05:00Z,355.83,NA,55
C23,CPCRW,drought,0.5,5.67,214.95,116.61,300.7,432,DROUGHT_INCUBATION,2,2016-12-03T01:31:00Z,2016-12-03T07:05:00Z,327.51,NA,55
C24,CPCRW,drought,0.5,5.05,198.71,125.4,289.7,487,DROUGHT_INCUBATION,13,2016-12-03T01:31:00Z,2016-12-03T07:05:00Z,NA,NA,55
C25,CPCRW,drought,0.5,4.7,232.3,114.34,299.7,510,DROUGHT_INCUBATION,14,2016-12-03T01:31:00Z,2016-12-03T07:05:00Z,343.61,NA,55
C21,CPCRW,drought,0.5,5.09,225.9,261.43,243.7,512,DROUGHT_SATURATION,11,2016-12-04T17:02:00Z,2016-12-04T23:05:00Z,656.85,10,62
C22,CPCRW,drought,0.5,5.1,216.87,140.41,289.7,513,DROUGHT_SATURATION,14,2016-12-04T17:02:00Z,2016-12-04T23:05:00Z,520.22,10,62
C23,CPCRW,drought,0.5,5.67,214.95,116.61,300.7,514,DROUGHT_SATURATION,4,2016-12-04T17:02:00Z,2016-12-04T23:05:00Z,502.1,10,62
C24,CPCRW,drought,0.5,5.05,198.71,125.4,289.7,515,DROUGHT_SATURATION,7,2016-12-04T17:02:00Z,2016-12-04T23:05:00Z,500.33,10,62
C25,CPCRW,drought,0.5,4.7,232.3,114.34,299.7,516,DROUGHT_SATURATION,3,2016-12-04T17:02:00Z,2016-12-04T23:05:00Z,495.68,10,62
S7,SR,sat_II,0,5.86,126.55,55.82,344.5,518,SATURATION_INCUBATION,3,2016-12-06T19:25:00Z,2016-12-07T02:05:00Z,NA,NA,58
S3,SR,sat_II,0,6.07,125.17,55.38,343.5,519,SATURATION_INCUBATION,7,2016-12-06T19:25:00Z,2016-12-07T02:05:00Z,NA,NA,58
S2,SR,sat_II,0.5,5.73,121.23,60.66,323.7,520,SATURATION_INCUBATION,12,2016-12-06T19:25:00Z,2016-12-07T02:05:00Z,NA,NA,58
S24,SR,sat_II,1,6.14,127.41,58.87,300.9,521,SATURATION_INCUBATION,5,2016-12-06T19:25:00Z,2016-12-07T02:05:00Z,NA,NA,58
S18,SR,sat_II,2,6.13,119.84,60.18,255.29,522,SATURATION_INCUBATION,1,2016-12-06T19:25:00Z,2016-12-07T02:05:00Z,NA,NA,58
S15,SR,field_moist,0,6.15,128.59,59.2,343.5,523,FIELD_MOIST_INCUBATION,11,2016-12-06T19:25:00Z,2016-12-07T02:05:00Z,NA,NA,58
S21,SR,field_moist,0,5.95,96.55,59.1,343.5,524,FIELD_MOIST_INCUBATION,14,2016-12-06T19:25:00Z,2016-12-07T02:05:00Z,NA,NA,58
S13,SR,field_moist,0,5.96,113.62,59.04,347.5,525,FIELD_MOIST_INCUBATION,15,2016-12-06T19:25:00Z,2016-12-07T02:05:00Z,NA,NA,58
S19,SR,field_moist,0,6.38,107.7,60.12,345.5,526,FIELD_MOIST_INCUBATION,10,2016-12-06T19:25:00Z,2016-12-07T02:05:00Z,NA,NA,58
S1,SR,field_moist,1,6.03,111.5,63.01,294.9,527,FIELD_MOIST_INCUBATION,2,2016-12-06T19:25:00Z,2016-12-07T02:05:00Z,NA,NA,58
S7,SR,sat_II,0,5.86,126.55,55.82,344.5,529,SATURATION_INCUBATION,7,2016-12-08T18:49:00Z,2016-12-09T01:05:00Z,NA,NA,47
S3,SR,sat_II,0,6.07,125.17,55.38,343.5,530,SATURATION_INCUBATION,5,2016-12-08T18:49:00Z,2016-12-09T01:05:00Z,NA,NA,47
S2,SR,sat_II,0.5,5.73,121.23,60.66,323.7,531,SATURATION_INCUBATION,12,2016-12-08T18:49:00Z,2016-12-09T01:05:00Z,NA,NA,47
S24,SR,sat_II,1,6.14,127.41,58.87,300.9,532,SATURATION_INCUBATION,14,2016-12-08T18:49:00Z,2016-12-09T01:05:00Z,NA,NA,47
S18,SR,sat_II,2,6.13,119.84,60.18,255.29,533,SATURATION_INCUBATION,11,2016-12-08T18:49:00Z,2016-12-09T01:05:00Z,NA,NA,47
S15,SR,field_moist,0,6.15,128.59,59.2,343.5,535,FIELD_MOIST_INCUBATION,10,2016-12-09T19:50:00Z,2016-12-10T02:05:00Z,NA,NA,50
S21,SR,field_moist,0,5.95,96.55,59.1,343.5,536,FIELD_MOIST_INCUBATION,3,2016-12-09T19:50:00Z,2016-12-10T02:05:00Z,NA,NA,50
S13,SR,field_moist,0,5.96,113.62,59.04,347.5,537,FIELD_MOIST_INCUBATION,14,2016-12-09T19:50:00Z,2016-12-10T02:05:00Z,NA,NA,50
S19,SR,field_moist,0,6.38,107.7,60.12,345.5,538,FIELD_MOIST_INCUBATION,12,2016-12-09T19:50:00Z,2016-12-10T02:05:00Z,NA,NA,50
S1,SR,field_moist,1,6.03,111.5,63.01,294.9,539,FIELD_MOIST_INCUBATION,11,2016-12-09T19:50:00Z,2016-12-10T02:05:00Z,NA,NA,50
S10,SR,drought,1,5.94,118.06,9.68,298.9,540,DROUGHT_PRE_INCUBATION,9,2016-12-12T19:42:00Z,2016-12-13T02:05:00Z,323.63,NA,45
S14,SR,drought,0,5.93,150.39,7.38,346.5,541,DROUGHT_PRE_INCUBATION,1,2016-12-12T19:42:00Z,2016-12-13T02:05:00Z,351.2,NA,45
S25,SR,drought,0,5.82,146.15,10.18,342.5,542,DROUGHT_PRE_INCUBATION,6,2016-12-12T19:42:00Z,2016-12-13T02:05:00Z,370.04,NA,45
S5,SR,drought,1,6.02,128.77,6.68,301.9,543,DROUGHT_PRE_INCUBATION,4,2016-12-12T19:42:00Z,2016-12-13T02:05:00Z,367.4,NA,45
S4,SR,drought,0.5,5.89,154.08,7.28,322.7,544,DROUGHT_PRE_INCUBATION,13,2016-12-12T19:42:00Z,2016-12-13T02:05:00Z,373.32,NA,45
S15,SR,field_moist,0,6.15,128.59,59.2,343.5,545,FIELD_MOIST_SATURATION,15,2016-12-12T19:42:00Z,2016-12-13T02:05:00Z,390,10,45
S21,SR,field_moist,0,5.95,96.55,59.1,343.5,546,FIELD_MOIST_SATURATION,5,2016-12-12T19:42:00Z,2016-12-13T02:05:00Z,359.55,10,45
S13,SR,field_moist,0,5.96,113.62,59.04,347.5,547,FIELD_MOIST_SATURATION,10,2016-12-12T19:42:00Z,2016-12-13T02:05:00Z,403.06,10,45
S19,SR,field_moist,0,6.38,107.7,60.12,345.5,548,FIELD_MOIST_SATURATION,3,2016-12-12T19:42:00Z,2016-12-13T02:05:00Z,374.26,10,45
S1,SR,field_moist,1,6.03,111.5,63.01,294.9,549,FIELD_MOIST_SATURATION,14,2016-12-12T19:42:00Z,2016-12-13T02:05:00Z,391.31,10,45
S7,SR,sat_II,0,5.86,126.55,55.82,344.5,550,SATURATION_INCUBATION,7,2016-12-12T19:42:00Z,2016-12-13T02:05:00Z,460.59,NA,45
S3,SR,sat_II,0,6.07,125.17,55.38,343.5,551,SATURATION_INCUBATION,2,2016-12-12T19:42:00Z,2016-12-13T02:05:00Z,451.76,NA,45
S2,SR,sat_II,0.5,5.73,121.23,60.66,323.7,552,SATURATION_INCUBATION,8,2016-12-12T19:42:00Z,2016-12-13T02:05:00Z,451.48,NA,45
S24,SR,sat_II,1,6.14,127.41,58.87,300.9,553,SATURATION_INCUBATION,12,2016-12-12T19:42:00Z,2016-12-13T02:05:00Z,435.15,NA,45
S18,SR,sat_II,2,6.13,119.84,60.18,255.29,554,SATURATION_INCUBATION,11,2016-12-12T19:42:00Z,2016-12-13T02:05:00Z,439.3,NA,45
S10,SR,drought,1,5.94,118.06,9.68,298.9,556,DROUGHT_PRE_INCUBATION,10,2016-12-16T20:05:00Z,2016-12-17T02:05:00Z,318.89,NA,18
S14,SR,drought,0,5.93,150.39,7.38,346.5,557,DROUGHT_PRE_INCUBATION,14,2016-12-16T20:05:00Z,2016-12-17T02:05:00Z,369.33,NA,18
S25,SR,drought,0,5.82,146.15,10.18,342.5,558,DROUGHT_PRE_INCUBATION,3,2016-12-16T20:05:00Z,2016-12-17T02:05:00Z,363.57,NA,18
S5,SR,drought,1,6.02,128.77,6.68,301.9,559,DROUGHT_PRE_INCUBATION,5,2016-12-16T20:05:00Z,2016-12-17T02:05:00Z,363.63,NA,18
S4,SR,drought,0.5,5.89,154.08,7.28,322.7,560,DROUGHT_PRE_INCUBATION,7,2016-12-16T20:05:00Z,2016-12-17T02:05:00Z,366.28,NA,18
S10,SR,drought,1,5.94,118.06,9.68,298.9,575,DROUGHT_INCUBATION,2,2017-01-23T16:00:00Z,2017-01-23T21:00:00Z,169.42,NA,53
S14,SR,drought,0,5.93,150.39,7.38,346.5,576,DROUGHT_INCUBATION,3,2017-01-23T16:00:00Z,2017-01-23T21:00:00Z,190.29,NA,53
S25,SR,drought,0,5.82,146.15,10.18,342.5,577,DROUGHT_INCUBATION,5,2017-01-23T16:00:00Z,2017-01-23T21:00:00Z,252.62,NA,53
S5,SR,drought,1,6.02,128.77,6.68,301.9,578,DROUGHT_INCUBATION,8,2017-01-23T16:00:00Z,2017-01-23T21:00:00Z,247.44,NA,53
S4,SR,drought,0.5,5.89,154.08,7.28,322.7,579,DROUGHT_INCUBATION,7,2017-01-23T16:00:00Z,2017-01-23T21:00:00Z,243.77,NA,53
S10,SR,drought,1,5.94,118.06,9.68,298.9,581,DROUGHT_INCUBATION,2,2017-01-25T16:00:00Z,2017-01-25T21:00:00Z,169.42,NA,51
S14,SR,drought,0,5.93,150.39,7.38,346.5,582,DROUGHT_INCUBATION,3,2017-01-25T16:00:00Z,2017-01-25T21:00:00Z,190.29,NA,51
S25,SR,drought,0,5.82,146.15,10.18,342.5,583,DROUGHT_INCUBATION,5,2017-01-25T16:00:00Z,2017-01-25T21:00:00Z,252.62,NA,51
S5,SR,drought,1,6.02,128.77,6.68,301.9,584,DROUGHT_INCUBATION,8,2017-01-25T16:00:00Z,2017-01-25T21:00:00Z,247.44,NA,51
S4,SR,drought,0.5,5.89,154.08,7.28,322.7,585,DROUGHT_INCUBATION,7,2017-01-25T16:00:00Z,2017-01-25T21:00:00Z,243.77,NA,51
S10,SR,drought,1,5.94,118.06,9.68,298.9,587,DROUGHT_INCUBATION,2,2017-01-27T16:00:00Z,2017-01-27T21:00:00Z,169.42,NA,53
S14,SR,drought,0,5.93,150.39,7.38,346.5,588,DROUGHT_INCUBATION,3,2017-01-27T16:00:00Z,2017-01-27T21:00:00Z,190.29,NA,53
S25,SR,drought,0,5.82,146.15,10.18,342.5,589,DROUGHT_INCUBATION,5,2017-01-27T16:00:00Z,2017-01-27T21:00:00Z,252.62,NA,53
S5,SR,drought,1,6.02,128.77,6.68,301.9,590,DROUGHT_INCUBATION,8,2017-01-27T16:00:00Z,2017-01-27T21:00:00Z,247.44,NA,53
S4,SR,drought,0.5,5.89,154.08,7.28,322.7,591,DROUGHT_INCUBATION,7,2017-01-27T16:00:00Z,2017-01-27T21:00:00Z,243.77,NA,53
S10,SR,drought,1,5.94,118.06,9.68,298.9,593,DROUGHT_INCUBATION,2,2017-01-29T16:00:00Z,2017-01-29T21:00:00Z,169.42,NA,51
S14,SR,drought,0,5.93,150.39,7.38,346.5,594,DROUGHT_INCUBATION,3,2017-01-29T16:00:00Z,2017-01-29T21:00:00Z,190.29,NA,51
S25,SR,drought,0,5.82,146.15,10.18,342.5,595,DROUGHT_INCUBATION,5,2017-01-29T16:00:00Z,2017-01-29T21:00:00Z,252.62,NA,51
S5,SR,drought,1,6.02,128.77,6.68,301.9,596,DROUGHT_INCUBATION,8,2017-01-29T16:00:00Z,2017-01-29T21:00:00Z,247.44,NA,51
S4,SR,drought,0.5,5.89,154.08,7.28,322.7,597,DROUGHT_INCUBATION,7,2017-01-29T16:00:00Z,2017-01-29T21:00:00Z,243.77,NA,51
S10,SR,drought,1,5.94,118.06,9.68,298.9,599,DROUGHT_INCUBATION,2,2017-01-31T16:00:00Z,2017-01-31T21:00:00Z,169.42,NA,53
S14,SR,drought,0,5.93,150.39,7.38,346.5,600,DROUGHT_INCUBATION,3,2017-01-31T16:00:00Z,2017-01-31T21:00:00Z,190.29,NA,53
S25,SR,drought,0,5.82,146.15,10.18,342.5,601,DROUGHT_INCUBATION,5,2017-01-31T16:00:00Z,2017-01-31T21:00:00Z,252.62,NA,53
S5,SR,drought,1,6.02,128.77,6.68,301.9,602,DROUGHT_INCUBATION,8,2017-01-31T16:00:00Z,2017-01-31T21:00:00Z,247.44,NA,53
S4,SR,drought,0.5,5.89,154.08,7.28,322.7,603,DROUGHT_INCUBATION,7,2017-01-31T16:00:00Z,2017-01-31T21:00:00Z,243.77,NA,53
S10,SR,drought,1,5.94,118.06,9.68,298.9,605,DROUGHT_INCUBATION,2,2017-02-02T16:00:00Z,2017-02-02T21:00:00Z,169.42,NA,51
S14,SR,drought,0,5.93,150.39,7.38,346.5,606,DROUGHT_INCUBATION,3,2017-02-02T16:00:00Z,2017-02-02T21:00:00Z,190.29,NA,51
S25,SR,drought,0,5.82,146.15,10.18,342.5,607,DROUGHT_INCUBATION,5,2017-02-02T16:00:00Z,2017-02-02T21:00:00Z,252.62,NA,51
S5,SR,drought,1,6.02,128.77,6.68,301.9,608,DROUGHT_INCUBATION,8,2017-02-02T16:00:00Z,2017-02-02T21:00:00Z,247.44,NA,51
S4,SR,drought,0.5,5.89,154.08,7.28,322.7,609,DROUGHT_INCUBATION,7,2017-02-02T16:00:00Z,2017-02-02T21:00:00Z,243.77,NA,51
S10,SR,drought,1,5.94,118.06,9.68,298.9,611,DROUGHT_INCUBATION,2,2017-02-04T16:00:00Z,2017-02-04T21:00:00Z,169.42,NA,52
S14,SR,drought,0,5.93,150.39,7.38,346.5,612,DROUGHT_INCUBATION,3,2017-02-04T16:00:00Z,2017-02-04T21:00:00Z,190.29,NA,52
S25,SR,drought,0,5.82,146.15,10.18,342.5,613,DROUGHT_INCUBATION,5,2017-02-04T16:00:00Z,2017-02-04T21:00:00Z,252.62,NA,52
S5,SR,drought,1,6.02,128.77,6.68,301.9,614,DROUGHT_INCUBATION,8,2017-02-04T16:00:00Z,2017-02-04T21:00:00Z,247.44,NA,52
S4,SR,drought,0.5,5.89,154.08,7.28,322.7,615,DROUGHT_INCUBATION,7,2017-02-04T16:00:00Z,2017-02-04T21:00:00Z,243.77,NA,52
S10,SR,drought,1,5.94,118.06,9.68,298.9,617,DROUGHT_INCUBATION,2,2017-02-06T16:00:00Z,2017-02-06T21:00:00Z,169.42,NA,53
S14,SR,drought,0,5.93,150.39,7.38,346.5,618,DROUGHT_INCUBATION,3,2017-02-06T16:00:00Z,2017-02-06T21:00:00Z,190.29,NA,53
S25,SR,drought,0,5.82,146.15,10.18,342.5,619,DROUGHT_INCUBATION,5,2017-02-06T16:00:00Z,2017-02-06T21:00:00Z,252.62,NA,53
S5,SR,drought,1,6.02,128.77,6.68,301.9,620,DROUGHT_INCUBATION,8,2017-02-06T16:00:00Z,2017-02-06T21:00:00Z,247.44,NA,53
S4,SR,drought,0.5,5.89,154.08,7.28,322.7,621,DROUGHT_INCUBATION,7,2017-02-06T16:00:00Z,2017-02-06T21:00:00Z,243.77,NA,53
S10,SR,drought,1,5.94,118.06,9.68,298.9,623,DROUGHT_INCUBATION,2,2017-02-08T16:00:00Z,2017-02-08T21:00:00Z,169.42,NA,51
S14,SR,drought,0,5.93,150.39,7.38,346.5,624,DROUGHT_INCUBATION,3,2017-02-08T16:00:00Z,2017-02-08T21:00:00Z,190.29,NA,51
S25,SR,drought,0,5.82,146.15,10.18,342.5,625,DROUGHT_INCUBATION,5,2017-02-08T16:00:00Z,2017-02-08T21:00:00Z,252.62,NA,51
S5,SR,drought,1,6.02,128.77,6.68,301.9,626,DROUGHT_INCUBATION,8,2017-02-08T16:00:00Z,2017-02-08T21:00:00Z,247.44,NA,51
S4,SR,drought,0.5,5.89,154.08,7.28,322.7,627,DROUGHT_INCUBATION,7,2017-02-08T16:00:00Z,2017-02-08T21:00:00Z,243.77,NA,51
S10,SR,drought,1,5.94,118.06,9.68,298.9,629,DROUGHT_INCUBATION,2,2017-02-10T16:00:00Z,2017-02-10T21:00:00Z,169.42,NA,52
S14,SR,drought,0,5.93,150.39,7.38,346.5,630,DROUGHT_INCUBATION,3,2017-02-10T16:00:00Z,2017-02-10T21:00:00Z,190.29,NA,52
S25,SR,drought,0,5.82,146.15,10.18,342.5,631,DROUGHT_INCUBATION,5,2017-02-10T16:00:00Z,2017-02-10T21:00:00Z,252.62,NA,52
S5,SR,drought,1,6.02,128.77,6.68,301.9,632,DROUGHT_INCUBATION,8,2017-02-10T16:00:00Z,2017-02-10T21:00:00Z,247.44,NA,52
S4,SR,drought,0.5,5.89,154.08,7.28,322.7,633,DROUGHT_INCUBATION,7,2017-02-10T16:00:00Z,2017-02-10T21:00:00Z,243.77,NA,52
S10,SR,drought,1,5.94,118.06,9.68,298.9,635,DROUGHT_INCUBATION,2,2017-02-12T16:00:00Z,2017-02-12T21:00:00Z,169.42,NA,51
S14,SR,drought,0,5.93,150.39,7.38,346.5,636,DROUGHT_INCUBATION,3,2017-02-12T16:00:00Z,2017-02-12T21:00:00Z,190.29,NA,51
S25,SR,drought,0,5.82,146.15,10.18,342.5,637,DROUGHT_INCUBATION,5,2017-02-12T16:00:00Z,2017-02-12T21:00:00Z,252.62,NA,51
S5,SR,drought,1,6.02,128.77,6.68,301.9,638,DROUGHT_INCUBATION,8,2017-02-12T16:00:00Z,2017-02-12T21:00:00Z,247.44,NA,51
S4,SR,drought,0.5,5.89,154.08,7.28,322.7,639,DROUGHT_INCUBATION,7,2017-02-12T16:00:00Z,2017-02-12T21:00:00Z,243.77,NA,51
S10,SR,drought,1,5.94,118.06,9.68,298.9,641,DROUGHT_INCUBATION,2,2017-02-14T16:00:00Z,2017-02-14T21:00:00Z,169.42,NA,52
S14,SR,drought,0,5.93,150.39,7.38,346.5,642,DROUGHT_INCUBATION,3,2017-02-14T16:00:00Z,2017-02-14T21:00:00Z,190.29,NA,52
S25,SR,drought,0,5.82,146.15,10.18,342.5,643,DROUGHT_INCUBATION,5,2017-02-14T16:00:00Z,2017-02-14T21:00:00Z,252.62,NA,52
S5,SR,drought,1,6.02,128.77,6.68,301.9,644,DROUGHT_INCUBATION,8,2017-02-14T16:00:00Z,2017-02-14T21:00:00Z,247.44,NA,52
S4,SR,drought,0.5,5.89,154.08,7.28,322.7,645,DROUGHT_INCUBATION,7,2017-02-14T16:00:00Z,2017-02-14T21:00:00Z,243.77,NA,52
S10,SR,drought,1,5.94,118.06,9.68,298.9,647,DROUGHT_INCUBATION,2,2017-02-16T16:00:00Z,2017-02-16T21:00:00Z,169.42,NA,53
S14,SR,drought,0,5.93,150.39,7.38,346.5,648,DROUGHT_INCUBATION,3,2017-02-16T16:00:00Z,2017-02-16T21:00:00Z,190.29,NA,53
S25,SR,drought,0,5.82,146.15,10.18,342.5,649,DROUGHT_INCUBATION,5,2017-02-16T16:00:00Z,2017-02-16T21:00:00Z,252.62,NA,53
S5,SR,drought,1,6.02,128.77,6.68,301.9,650,DROUGHT_INCUBATION,8,2017-02-16T16:00:00Z,2017-02-16T21:00:00Z,247.44,NA,53
S4,SR,drought,0.5,5.89,154.08,7.28,322.7,651,DROUGHT_INCUBATION,7,2017-02-16T16:00:00Z,2017-02-16T21:00:00Z,243.77,NA,53
S10,SR,drought,1,5.94,118.06,9.68,298.9,653,DROUGHT_INCUBATION,2,2017-02-18T16:00:00Z,2017-02-18T21:00:00Z,169.42,NA,50
S14,SR,drought,0,5.93,150.39,7.38,346.5,654,DROUGHT_INCUBATION,3,2017-02-18T16:00:00Z,2017-02-18T21:00:00Z,190.29,NA,50
S25,SR,drought,0,5.82,146.15,10.18,342.5,655,DROUGHT_INCUBATION,5,2017-02-18T16:00:00Z,2017-02-18T21:00:00Z,252.62,NA,50
S5,SR,drought,1,6.02,128.77,6.68,301.9,656,DROUGHT_INCUBATION,8,2017-02-18T16:00:00Z,2017-02-18T21:00:00Z,247.44,NA,50
S4,SR,drought,0.5,5.89,154.08,7.28,322.7,657,DROUGHT_INCUBATION,7,2017-02-18T16:00:00Z,2017-02-18T21:00:00Z,243.77,NA,50
S10,SR,drought,1,5.94,118.06,9.68,298.9,563,DROUGHT_INCUBATION,2,2017-02-22T16:00:00Z,2017-02-22T21:00:00Z,NA,NA,51
S14,SR,drought,0,5.93,150.39,7.38,346.5,564,DROUGHT_INCUBATION,3,2017-02-22T16:00:00Z,2017-02-22T21:00:00Z,NA,NA,51
S25,SR,drought,0,5.82,146.15,10.18,342.5,565,DROUGHT_INCUBATION,5,2017-02-22T16:00:00Z,2017-02-22T21:00:00Z,NA,NA,51
S5,SR,drought,1,6.02,128.77,6.68,301.9,566,DROUGHT_INCUBATION,8,2017-02-22T16:00:00Z,2017-02-22T21:00:00Z,NA,NA,51
S4,SR,drought,0.5,5.89,154.08,7.28,322.7,567,DROUGHT_INCUBATION,7,2017-02-22T16:00:00Z,2017-02-22T21:00:00Z,243.77,NA,51
S10,SR,drought,1,5.94,118.06,9.68,298.9,569,DROUGHT_SATURATION,2,2017-02-24T02:00:00Z,2017-02-25T01:00:00Z,343.03,10,238
S14,SR,drought,0,5.93,150.39,7.38,346.5,570,DROUGHT_SATURATION,3,2017-02-24T02:00:00Z,2017-02-25T01:00:00Z,345.59,10,238
S25,SR,drought,0,5.82,146.15,10.18,342.5,571,DROUGHT_SATURATION,5,2017-02-24T02:00:00Z,2017-02-25T01:00:00Z,387.11,10,238
S5,SR,drought,1,6.02,128.77,6.68,301.9,572,DROUGHT_SATURATION,8,2017-02-24T02:00:00Z,2017-02-25T01:00:00Z,390.98,10,238
S4,SR,drought,0.5,5.89,154.08,7.28,322.7,573,DROUGHT_SATURATION,7,2017-02-24T02:00:00Z,2017-02-25T01:00:00Z,361.27,10,238
D6,DWP,sat_I,0,4.69,444.51,78.85,333.5,1,IMMEDIATE_SATURATION,3,2017-06-15T23:28:00Z,2017-06-16T15:14:00Z,569.7,10,156
D7,DWP,sat_I,0,5.055,507.14,77.75,332.5,2,IMMEDIATE_SATURATION,5,2017-06-15T23:28:00Z,2017-06-16T15:14:00Z,636.2,10,156
D8,DWP,sat_I,0.5,4.6,442.15,67.05,317.7,3,IMMEDIATE_SATURATION,7,2017-06-15T23:28:00Z,2017-06-16T15:14:00Z,546.1,10,156
D9,DWP,sat_I,2.5,4.685,277.92,65.75,232.49,4,IMMEDIATE_SATURATION,8,2017-06-15T23:28:00Z,2017-06-16T15:14:00Z,424.4,10,156
D10,DWP,sat_I,0,4.305,402.18,79.35,322.5,5,IMMEDIATE_SATURATION,15,2017-06-15T23:28:00Z,2017-06-16T15:14:00Z,541,10,156
D21,DWP,drought,0,4.755,431.48,88.15,331.5,6,DROUGHT_PRE_INCUBATION,3,2017-06-17T00:28:00Z,2017-06-17T16:20:00Z,539.72,NA,164
D22,DWP,drought,0,5.575,421.19,81.85,332.5,7,DROUGHT_PRE_INCUBATION,5,2017-06-17T00:28:00Z,2017-06-17T16:20:00Z,526.64,NA,164
D23,DWP,drought,0,4.955,404.84,76.75,344.5,8,DROUGHT_PRE_INCUBATION,7,2017-06-17T00:28:00Z,2017-06-17T16:20:00Z,588.74,NA,164
D24,DWP,drought,0,4.78,307.07,78.85,340.5,9,DROUGHT_PRE_INCUBATION,8,2017-06-17T00:28:00Z,2017-06-17T16:20:00Z,397.52,NA,164
D25,DWP,drought,0,4.88,330.76,85.65,327.5,10,DROUGHT_PRE_INCUBATION,15,2017-06-17T00:28:00Z,2017-06-17T16:20:00Z,438.56,NA,164
D11,DWP,sat_II,0,4.62,432.75,74.55,335.5,160,SATURATION_SATURATION,3,2017-06-17T22:15:00Z,2017-06-18T20:46:00Z,637.4,10,234
D12,DWP,sat_II,0,4.67,392.66,92.15,331.5,161,SATURATION_SATURATION,5,2017-06-17T22:15:00Z,2017-06-18T20:46:00Z,637.4,10,234
D13,DWP,sat_II,1,4.45,352.08,68.65,297.9,162,SATURATION_SATURATION,7,2017-06-17T22:15:00Z,2017-06-18T20:46:00Z,587.9,10,234
D14,DWP,sat_II,0.5,4.495,362.82,68.45,318.7,163,SATURATION_SATURATION,8,2017-06-17T22:15:00Z,2017-06-18T20:46:00Z,551.5,10,234
D15,DWP,sat_II,0.5,4.5,296.56,74.65,315.7,164,SATURATION_SATURATION,15,2017-06-17T22:15:00Z,2017-06-18T20:46:00Z,569.3,10,234
D21,DWP,drought,0,4.755,431.48,88.15,331.5,11,DROUGHT_PRE_INCUBATION,3,2017-06-20T01:08:00Z,2017-06-20T21:14:00Z,536.39,NA,207
D22,DWP,drought,0,5.575,421.19,81.85,332.5,12,DROUGHT_PRE_INCUBATION,5,2017-06-20T01:08:00Z,2017-06-20T21:14:00Z,520.25,NA,207
D23,DWP,drought,0,4.955,404.84,76.75,344.5,13,DROUGHT_PRE_INCUBATION,7,2017-06-20T01:08:00Z,2017-06-20T21:14:00Z,580.15,NA,207
D24,DWP,drought,0,4.78,307.07,78.85,340.5,14,DROUGHT_PRE_INCUBATION,8,2017-06-20T01:08:00Z,2017-06-20T21:14:00Z,389.87,NA,207
D25,DWP,drought,0,4.88,330.76,85.65,327.5,15,DROUGHT_PRE_INCUBATION,15,2017-06-20T01:08:00Z,2017-06-20T21:14:00Z,430.67,NA,207
D11,DWP,sat_II,0,4.62,432.75,74.55,335.5,165,SATURATION_INCUBATION,3,2017-06-20T23:20:00Z,2017-06-21T22:40:00Z,601.96,NA,243
D12,DWP,sat_II,0,4.67,392.66,92.15,331.5,166,SATURATION_INCUBATION,5,2017-06-20T23:20:00Z,2017-06-21T22:40:00Z,608.24,NA,243
D13,DWP,sat_II,1,4.45,352.08,68.65,297.9,167,SATURATION_INCUBATION,7,2017-06-20T23:20:00Z,2017-06-21T22:40:00Z,542.48,NA,243
D14,DWP,sat_II,0.5,4.495,362.82,68.45,318.7,168,SATURATION_INCUBATION,8,2017-06-20T23:20:00Z,2017-06-21T22:40:00Z,561.45,NA,243
D15,DWP,sat_II,0.5,4.5,296.56,74.65,315.7,169,SATURATION_INCUBATION,15,2017-06-20T23:20:00Z,2017-06-21T22:40:00Z,530.39,NA,243
D21,DWP,drought,0,4.755,431.48,88.15,331.5,16,DROUGHT_PRE_INCUBATION,3,2017-06-22T00:05:00Z,2017-06-22T23:41:00Z,533,NA,244
D22,DWP,drought,0,5.575,421.19,81.85,332.5,17,DROUGHT_PRE_INCUBATION,5,2017-06-22T00:05:00Z,2017-06-22T23:41:00Z,515.38,NA,244
D23,DWP,drought,0,4.955,404.84,76.75,344.5,18,DROUGHT_PRE_INCUBATION,7,2017-06-22T00:05:00Z,2017-06-22T23:41:00Z,577.42,NA,244
D24,DWP,drought,0,4.78,307.07,78.85,340.5,19,DROUGHT_PRE_INCUBATION,8,2017-06-22T00:05:00Z,2017-06-22T23:41:00Z,386.4,NA,244
D25,DWP,drought,0,4.88,330.76,85.65,327.5,20,DROUGHT_PRE_INCUBATION,15,2017-06-22T00:05:00Z,2017-06-22T23:41:00Z,427.87,NA,244
D11,DWP,sat_II,0,4.62,432.75,74.55,335.5,170,SATURATION_INCUBATION,3,2017-06-23T01:00:00Z,2017-06-23T16:38:00Z,601.14,NA,120
D12,DWP,sat_II,0,4.67,392.66,92.15,331.5,171,SATURATION_INCUBATION,5,2017-06-23T01:00:00Z,2017-06-23T16:38:00Z,608.68,NA,120
D13,DWP,sat_II,1,4.45,352.08,68.65,297.9,172,SATURATION_INCUBATION,7,2017-06-23T01:00:00Z,2017-06-23T16:38:00Z,542.53,NA,120
D14,DWP,sat_II,0.5,4.495,362.82,68.45,318.7,173,SATURATION_INCUBATION,8,2017-06-23T01:00:00Z,2017-06-23T16:38:00Z,561.67,NA,120
D15,DWP,sat_II,0.5,4.5,296.56,74.65,315.7,174,SATURATION_INCUBATION,15,2017-06-23T01:00:00Z,2017-06-23T16:38:00Z,530.54,NA,120
D16,DWP,field_moist,NA,NA,NA,NA,NA,115,FIELD_MOIST_INCUBATION,NA,2017-06-23T23:46:00Z,2017-06-24T21:53:00Z,604.27,NA,170
D17,DWP,field_moist,1,4.765,318.25,78.25,291.9,116,FIELD_MOIST_INCUBATION,5,2017-06-23T23:46:00Z,2017-06-24T21:53:00Z,422.85,NA,170
D18,DWP,field_moist,0,4.705,461.79,79.55,336.5,117,FIELD_MOIST_INCUBATION,7,2017-06-23T23:46:00Z,2017-06-24T21:53:00Z,567.14,NA,170
D19,DWP,field_moist,0,4.59,457.99,83.25,339.5,118,FIELD_MOIST_INCUBATION,8,2017-06-23T23:46:00Z,2017-06-24T21:53:00Z,577.05,NA,170
D20,DWP,field_moist,0,4.77,387.1,80.35,337.5,119,FIELD_MOIST_INCUBATION,15,2017-06-23T23:46:00Z,2017-06-24T21:53:00Z,491.47,NA,170
D11,DWP,sat_II,0,4.62,432.75,74.55,335.5,175,SATURATION_INCUBATION,3,2017-06-24T23:31:00Z,2017-06-26T16:20:00Z,607.57,NA,422
D12,DWP,sat_II,0,4.67,392.66,92.15,331.5,176,SATURATION_INCUBATION,5,2017-06-24T23:31:00Z,2017-06-26T16:20:00Z,606.31,NA,422
D13,DWP,sat_II,1,4.45,352.08,68.65,297.9,177,SATURATION_INCUBATION,7,2017-06-24T23:31:00Z,2017-06-26T16:20:00Z,542.63,NA,422
D14,DWP,sat_II,0.5,4.495,362.82,68.45,318.7,178,SATURATION_INCUBATION,8,2017-06-24T23:31:00Z,2017-06-26T16:20:00Z,556.42,NA,422
D15,DWP,sat_II,0.5,4.5,296.56,74.65,315.7,179,SATURATION_INCUBATION,15,2017-06-24T23:31:00Z,2017-06-26T16:20:00Z,520.73,NA,422
D21,DWP,drought,0,4.755,431.48,88.15,331.5,21,DROUGHT_PRE_INCUBATION,3,2017-06-26T17:01:00Z,2017-06-27T16:55:00Z,519.67,NA,246
D22,DWP,drought,0,5.575,421.19,81.85,332.5,22,DROUGHT_PRE_INCUBATION,5,2017-06-26T17:01:00Z,2017-06-27T16:55:00Z,503.51,NA,246
D23,DWP,drought,0,4.955,404.84,76.75,344.5,23,DROUGHT_PRE_INCUBATION,7,2017-06-26T17:01:00Z,2017-06-27T16:55:00Z,560.07,NA,246
D24,DWP,drought,0,4.78,307.07,78.85,340.5,24,DROUGHT_PRE_INCUBATION,8,2017-06-26T17:01:00Z,2017-06-27T16:55:00Z,381.58,NA,246
D25,DWP,drought,0,4.88,330.76,85.65,327.5,25,DROUGHT_PRE_INCUBATION,15,2017-06-26T17:01:00Z,2017-06-27T16:55:00Z,420.63,NA,246
D11,DWP,sat_II,0,4.62,432.75,74.55,335.5,180,SATURATION_INCUBATION,3,2017-06-27T18:18:00Z,2017-06-27T23:32:00Z,608.3,NA,54
D12,DWP,sat_II,0,4.67,392.66,92.15,331.5,181,SATURATION_INCUBATION,5,2017-06-27T18:18:00Z,2017-06-27T23:32:00Z,606.14,NA,54
D13,DWP,sat_II,1,4.45,352.08,68.65,297.9,182,SATURATION_INCUBATION,7,2017-06-27T18:18:00Z,2017-06-27T23:32:00Z,542.44,NA,54
D14,DWP,sat_II,0.5,4.495,362.82,68.45,318.7,183,SATURATION_INCUBATION,8,2017-06-27T18:18:00Z,2017-06-27T23:32:00Z,556.82,NA,54
D15,DWP,sat_II,0.5,4.5,296.56,74.65,315.7,184,SATURATION_INCUBATION,15,2017-06-27T18:18:00Z,2017-06-27T23:32:00Z,530.88,NA,54
D16,DWP,field_moist,NA,NA,NA,NA,NA,120,FIELD_MOIST_INCUBATION,3,2017-06-28T00:36:00Z,2017-06-28T19:50:00Z,604.42,NA,199
D17,DWP,field_moist,1,4.765,318.25,78.25,291.9,121,FIELD_MOIST_INCUBATION,5,2017-06-28T00:36:00Z,2017-06-28T19:50:00Z,423.02,NA,199
D18,DWP,field_moist,0,4.705,461.79,79.55,336.5,122,FIELD_MOIST_INCUBATION,7,2017-06-28T00:36:00Z,2017-06-28T19:50:00Z,567.59,NA,199
D19,DWP,field_moist,0,4.59,457.99,83.25,339.5,123,FIELD_MOIST_INCUBATION,8,2017-06-28T00:36:00Z,2017-06-28T19:50:00Z,577.12,NA,199
D20,DWP,field_moist,0,4.77,387.1,80.35,337.5,124,FIELD_MOIST_INCUBATION,15,2017-06-28T00:36:00Z,2017-06-28T19:50:00Z,491.48,NA,199
D21,DWP,drought,0,4.755,431.48,88.15,331.5,26,DROUGHT_PRE_INCUBATION,3,2017-06-28T22:30:00Z,2017-06-29T15:21:00Z,518.45,NA,175
D22,DWP,drought,0,5.575,421.19,81.85,332.5,27,DROUGHT_PRE_INCUBATION,5,2017-06-28T22:30:00Z,2017-06-29T15:21:00Z,501.37,NA,175
D23,DWP,drought,0,4.955,404.84,76.75,344.5,28,DROUGHT_PRE_INCUBATION,7,2017-06-28T22:30:00Z,2017-06-29T15:21:00Z,546,NA,175
D24,DWP,drought,0,4.78,307.07,78.85,340.5,29,DROUGHT_PRE_INCUBATION,8,2017-06-28T22:30:00Z,2017-06-29T15:21:00Z,380.41,NA,175
D25,DWP,drought,0,4.88,330.76,85.65,327.5,30,DROUGHT_PRE_INCUBATION,15,2017-06-28T22:30:00Z,2017-06-29T15:21:00Z,418.87,NA,175
D21,DWP,drought,0,4.755,431.48,88.15,331.5,31,DROUGHT_PRE_INCUBATION,3,2017-06-30T20:39:00Z,2017-07-01T20:37:00Z,516.84,NA,247
D22,DWP,drought,0,5.575,421.19,81.85,332.5,32,DROUGHT_PRE_INCUBATION,5,2017-06-30T20:39:00Z,2017-07-01T20:37:00Z,499.91,NA,247
D23,DWP,drought,0,4.955,404.84,76.75,344.5,33,DROUGHT_PRE_INCUBATION,7,2017-06-30T20:39:00Z,2017-07-01T20:37:00Z,534.63,NA,247
D24,DWP,drought,0,4.78,307.07,78.85,340.5,34,DROUGHT_PRE_INCUBATION,8,2017-06-30T20:39:00Z,2017-07-01T20:37:00Z,379.3,NA,247
D25,DWP,drought,0,4.88,330.76,85.65,327.5,35,DROUGHT_PRE_INCUBATION,15,2017-06-30T20:39:00Z,2017-07-01T20:37:00Z,417.53,NA,247
D11,DWP,sat_II,0,4.62,432.75,74.55,335.5,185,SATURATION_INCUBATION,3,2017-07-01T21:00:00Z,2017-07-02T22:50:00Z,607.56,NA,262
D12,DWP,sat_II,0,4.67,392.66,92.15,331.5,186,SATURATION_INCUBATION,5,2017-07-01T21:00:00Z,2017-07-02T22:50:00Z,607.08,NA,262
D13,DWP,sat_II,1,4.45,352.08,68.65,297.9,187,SATURATION_INCUBATION,7,2017-07-01T21:00:00Z,2017-07-02T22:50:00Z,544.11,NA,262
D14,DWP,sat_II,0.5,4.495,362.82,68.45,318.7,188,SATURATION_INCUBATION,8,2017-07-01T21:00:00Z,2017-07-02T22:50:00Z,556.11,NA,262
D15,DWP,sat_II,0.5,4.5,296.56,74.65,315.7,189,SATURATION_INCUBATION,15,2017-07-01T21:00:00Z,2017-07-02T22:50:00Z,510.48,NA,262
D16,DWP,field_moist,NA,NA,NA,NA,NA,125,FIELD_MOIST_INCUBATION,3,2017-07-03T20:56:00Z,2017-07-04T17:59:00Z,604.4,NA,215
D17,DWP,field_moist,1,4.765,318.25,78.25,291.9,126,FIELD_MOIST_INCUBATION,5,2017-07-03T20:56:00Z,2017-07-04T17:59:00Z,432.1,NA,215
D18,DWP,field_moist,0,4.705,461.79,79.55,336.5,127,FIELD_MOIST_INCUBATION,7,2017-07-03T20:56:00Z,2017-07-04T17:59:00Z,567.15,NA,215
D19,DWP,field_moist,0,4.59,457.99,83.25,339.5,128,FIELD_MOIST_INCUBATION,8,2017-07-03T20:56:00Z,2017-07-04T17:59:00Z,578.49,NA,215
D20,DWP,field_moist,0,4.77,387.1,80.35,337.5,129,FIELD_MOIST_INCUBATION,15,2017-07-03T20:56:00Z,2017-07-04T17:59:00Z,491.9,NA,215
D11,DWP,sat_II,0,4.62,432.75,74.55,335.5,190,SATURATION_INCUBATION,3,2017-07-04T18:55:00Z,2017-07-05T17:09:00Z,608.21,NA,230
D12,DWP,sat_II,0,4.67,392.66,92.15,331.5,191,SATURATION_INCUBATION,5,2017-07-04T18:55:00Z,2017-07-05T17:09:00Z,607.26,NA,230
D13,DWP,sat_II,1,4.45,352.08,68.65,297.9,192,SATURATION_INCUBATION,7,2017-07-04T18:55:00Z,2017-07-05T17:09:00Z,542.5,NA,230
D14,DWP,sat_II,0.5,4.495,362.82,68.45,318.7,193,SATURATION_INCUBATION,8,2017-07-04T18:55:00Z,2017-07-05T17:09:00Z,556.94,NA,230
D15,DWP,sat_II,0.5,4.5,296.56,74.65,315.7,194,SATURATION_INCUBATION,15,2017-07-04T18:55:00Z,2017-07-05T17:09:00Z,510.96,NA,230
D21,DWP,drought,0,4.755,431.48,88.15,331.5,36,DROUGHT_PRE_INCUBATION,3,2017-07-05T18:44:00Z,2017-07-06T15:19:00Z,513.11,NA,212
D22,DWP,drought,0,5.575,421.19,81.85,332.5,37,DROUGHT_PRE_INCUBATION,5,2017-07-05T18:44:00Z,2017-07-06T15:19:00Z,496.66,NA,212
D23,DWP,drought,0,4.955,404.84,76.75,344.5,38,DROUGHT_PRE_INCUBATION,7,2017-07-05T18:44:00Z,2017-07-06T15:19:00Z,489.67,NA,212
D24,DWP,drought,0,4.78,307.07,78.85,340.5,39,DROUGHT_PRE_INCUBATION,8,2017-07-05T18:44:00Z,2017-07-06T15:19:00Z,376.7,NA,212
D25,DWP,drought,0,4.88,330.76,85.65,327.5,40,DROUGHT_PRE_INCUBATION,15,2017-07-05T18:44:00Z,2017-07-06T15:19:00Z,413.96,NA,212
D16,DWP,field_moist,NA,NA,NA,NA,NA,130,FIELD_MOIST_INCUBATION,3,2017-07-07T21:27:00Z,2017-07-09T18:43:00Z,604.39,NA,468
D17,DWP,field_moist,1,4.765,318.25,78.25,291.9,131,FIELD_MOIST_INCUBATION,5,2017-07-07T21:27:00Z,2017-07-09T18:43:00Z,444,NA,468
D18,DWP,field_moist,0,4.705,461.79,79.55,336.5,132,FIELD_MOIST_INCUBATION,7,2017-07-07T21:27:00Z,2017-07-09T18:43:00Z,567.14,NA,468
D19,DWP,field_moist,0,4.59,457.99,83.25,339.5,133,FIELD_MOIST_INCUBATION,8,2017-07-07T21:27:00Z,2017-07-09T18:43:00Z,NA,NA,468
D20,DWP,field_moist,0,4.77,387.1,80.35,337.5,134,FIELD_MOIST_INCUBATION,15,2017-07-07T21:27:00Z,2017-07-09T18:43:00Z,491.56,NA,468
D21,DWP,drought,0,4.755,431.48,88.15,331.5,41,DROUGHT_PRE_INCUBATION,3,2017-07-10T17:12:00Z,2017-07-10T22:13:00Z,510.62,NA,51
D22,DWP,drought,0,5.575,421.19,81.85,332.5,42,DROUGHT_PRE_INCUBATION,5,2017-07-10T17:12:00Z,2017-07-10T22:13:00Z,494.34,NA,51
D23,DWP,drought,0,4.955,404.84,76.75,344.5,43,DROUGHT_PRE_INCUBATION,7,2017-07-10T17:12:00Z,2017-07-10T22:13:00Z,478.63,NA,51
D24,DWP,drought,0,4.78,307.07,78.85,340.5,44,DROUGHT_PRE_INCUBATION,8,2017-07-10T17:12:00Z,2017-07-10T22:13:00Z,374.52,NA,51
D25,DWP,drought,0,4.88,330.76,85.65,327.5,45,DROUGHT_PRE_INCUBATION,15,2017-07-10T17:12:00Z,2017-07-10T22:13:00Z,410.94,NA,51
D11,DWP,sat_II,0,4.62,432.75,74.55,335.5,195,SATURATION_INCUBATION,3,2017-07-10T23:12:00Z,2017-07-11T17:02:00Z,607.54,NA,185
D12,DWP,sat_II,0,4.67,392.66,92.15,331.5,196,SATURATION_INCUBATION,5,2017-07-10T23:12:00Z,2017-07-11T17:02:00Z,606.66,NA,185
D13,DWP,sat_II,1,4.45,352.08,68.65,297.9,197,SATURATION_INCUBATION,7,2017-07-10T23:12:00Z,2017-07-11T17:02:00Z,542.48,NA,185
D14,DWP,sat_II,0.5,4.495,362.82,68.45,318.7,198,SATURATION_INCUBATION,8,2017-07-10T23:12:00Z,2017-07-11T17:02:00Z,556.46,NA,185
D15,DWP,sat_II,0.5,4.5,296.56,74.65,315.7,199,SATURATION_INCUBATION,15,2017-07-10T23:12:00Z,2017-07-11T17:02:00Z,510.32,NA,185
D16,DWP,field_moist,NA,NA,NA,NA,NA,135,FIELD_MOIST_INCUBATION,3,2017-07-12T18:00:00Z,2017-07-12T23:00:00Z,603.53,NA,52
D17,DWP,field_moist,1,4.765,318.25,78.25,291.9,136,FIELD_MOIST_INCUBATION,5,2017-07-12T18:00:00Z,2017-07-12T23:00:00Z,440.06,NA,52
D18,DWP,field_moist,0,4.705,461.79,79.55,336.5,137,FIELD_MOIST_INCUBATION,7,2017-07-12T18:00:00Z,2017-07-12T23:00:00Z,567.28,NA,52
D19,DWP,field_moist,0,4.59,457.99,83.25,339.5,138,FIELD_MOIST_INCUBATION,8,2017-07-12T18:00:00Z,2017-07-12T23:00:00Z,NA,NA,52
D20,DWP,field_moist,0,4.77,387.1,80.35,337.5,139,FIELD_MOIST_INCUBATION,15,2017-07-12T18:00:00Z,2017-07-12T23:00:00Z,491.43,NA,52
D21,DWP,drought,0,4.755,431.48,88.15,331.5,46,DROUGHT_PRE_INCUBATION,3,2017-07-13T00:00:00Z,2017-07-13T15:45:00Z,509.45,NA,165
D22,DWP,drought,0,5.575,421.19,81.85,332.5,47,DROUGHT_PRE_INCUBATION,5,2017-07-13T00:00:00Z,2017-07-13T15:45:00Z,493.23,NA,165
D23,DWP,drought,0,4.955,404.84,76.75,344.5,48,DROUGHT_PRE_INCUBATION,7,2017-07-13T00:00:00Z,2017-07-13T15:45:00Z,476.78,NA,165
D24,DWP,drought,0,4.78,307.07,78.85,340.5,49,DROUGHT_PRE_INCUBATION,8,2017-07-13T00:00:00Z,2017-07-13T15:45:00Z,373.51,NA,165
D25,DWP,drought,0,4.88,330.76,85.65,327.5,50,DROUGHT_PRE_INCUBATION,15,2017-07-13T00:00:00Z,2017-07-13T15:45:00Z,409.44,NA,165
D11,DWP,sat_II,0,4.62,432.75,74.55,335.5,200,SATURATION_INCUBATION,3,2017-07-15T17:30:00Z,2017-07-16T16:00:00Z,619.7,NA,233
D12,DWP,sat_II,0,4.67,392.66,92.15,331.5,201,SATURATION_INCUBATION,5,2017-07-15T17:30:00Z,2017-07-16T16:00:00Z,645.78,NA,233
D13,DWP,sat_II,1,4.45,352.08,68.65,297.9,202,SATURATION_INCUBATION,7,2017-07-15T17:30:00Z,2017-07-16T16:00:00Z,569.53,NA,233
D14,DWP,sat_II,0.5,4.495,362.82,68.45,318.7,203,SATURATION_INCUBATION,8,2017-07-15T17:30:00Z,2017-07-16T16:00:00Z,571.09,NA,233
D15,DWP,sat_II,0.5,4.5,296.56,74.65,315.7,204,SATURATION_INCUBATION,15,2017-07-15T17:30:00Z,2017-07-16T16:00:00Z,532.51,NA,233
D16,DWP,field_moist,NA,NA,NA,NA,NA,140,FIELD_MOIST_INCUBATION,3,2017-07-16T23:00:00Z,2017-07-17T15:00:00Z,602.08,NA,166
D17,DWP,field_moist,1,4.765,318.25,78.25,291.9,141,FIELD_MOIST_INCUBATION,5,2017-07-16T23:00:00Z,2017-07-17T15:00:00Z,477.74,NA,166
D18,DWP,field_moist,0,4.705,461.79,79.55,336.5,142,FIELD_MOIST_INCUBATION,7,2017-07-16T23:00:00Z,2017-07-17T15:00:00Z,564.75,NA,166
D19,DWP,field_moist,0,4.59,457.99,83.25,339.5,143,FIELD_MOIST_INCUBATION,8,2017-07-16T23:00:00Z,2017-07-17T15:00:00Z,581.13,NA,166
D20,DWP,field_moist,0,4.77,387.1,80.35,337.5,144,FIELD_MOIST_INCUBATION,15,2017-07-16T23:00:00Z,2017-07-17T15:00:00Z,505.82,NA,166
D21,DWP,drought,0,4.755,431.48,88.15,331.5,51,DROUGHT_PRE_INCUBATION,3,2017-07-17T17:00:00Z,2017-07-18T01:00:00Z,507.26,NA,82
D22,DWP,drought,0,5.575,421.19,81.85,332.5,52,DROUGHT_PRE_INCUBATION,5,2017-07-17T17:00:00Z,2017-07-18T01:00:00Z,491.38,NA,82
D23,DWP,drought,0,4.955,404.84,76.75,344.5,53,DROUGHT_PRE_INCUBATION,7,2017-07-17T17:00:00Z,2017-07-18T01:00:00Z,473.66,NA,82
D24,DWP,drought,0,4.78,307.07,78.85,340.5,54,DROUGHT_PRE_INCUBATION,8,2017-07-17T17:00:00Z,2017-07-18T01:00:00Z,372.46,NA,82
D25,DWP,drought,0,4.88,330.76,85.65,327.5,55,DROUGHT_PRE_INCUBATION,15,2017-07-17T17:00:00Z,2017-07-18T01:00:00Z,406.78,NA,82
D16,DWP,field_moist,NA,NA,NA,NA,NA,145,FIELD_MOIST_INCUBATION,3,2017-07-19T01:00:00Z,2017-07-19T15:00:00Z,601.01,NA,145
D17,DWP,field_moist,1,4.765,318.25,78.25,291.9,146,FIELD_MOIST_INCUBATION,5,2017-07-19T01:00:00Z,2017-07-19T15:00:00Z,450.39,NA,145
D18,DWP,field_moist,0,4.705,461.79,79.55,336.5,147,FIELD_MOIST_INCUBATION,7,2017-07-19T01:00:00Z,2017-07-19T15:00:00Z,563.91,NA,145
D19,DWP,field_moist,0,4.59,457.99,83.25,339.5,148,FIELD_MOIST_INCUBATION,8,2017-07-19T01:00:00Z,2017-07-19T15:00:00Z,579.57,NA,145
D20,DWP,field_moist,0,4.77,387.1,80.35,337.5,149,FIELD_MOIST_INCUBATION,15,2017-07-19T01:00:00Z,2017-07-19T15:00:00Z,507.02,NA,145
D21,DWP,drought,0,4.755,431.48,88.15,331.5,56,DROUGHT_PRE_INCUBATION,3,2017-07-20T19:00:00Z,2017-07-21T01:00:00Z,506.02,NA,63
D22,DWP,drought,0,5.575,421.19,81.85,332.5,57,DROUGHT_PRE_INCUBATION,5,2017-07-20T19:00:00Z,2017-07-21T01:00:00Z,490.44,NA,63
D23,DWP,drought,0,4.955,404.84,76.75,344.5,58,DROUGHT_PRE_INCUBATION,7,2017-07-20T19:00:00Z,2017-07-21T01:00:00Z,472.14,NA,63
D24,DWP,drought,0,4.78,307.07,78.85,340.5,59,DROUGHT_PRE_INCUBATION,8,2017-07-20T19:00:00Z,2017-07-21T01:00:00Z,372.37,NA,63
D25,DWP,drought,0,4.88,330.76,85.65,327.5,60,DROUGHT_PRE_INCUBATION,15,2017-07-20T19:00:00Z,2017-07-21T01:00:00Z,405.35,NA,63
D16,DWP,field_moist,NA,NA,NA,NA,NA,150,FIELD_MOIST_INCUBATION,3,2017-07-21T19:00:00Z,2017-07-22T00:00:00Z,603.73,NA,50
D17,DWP,field_moist,1,4.765,318.25,78.25,291.9,151,FIELD_MOIST_INCUBATION,5,2017-07-21T19:00:00Z,2017-07-22T00:00:00Z,435.57,NA,50
D18,DWP,field_moist,0,4.705,461.79,79.55,336.5,152,FIELD_MOIST_INCUBATION,7,2017-07-21T19:00:00Z,2017-07-22T00:00:00Z,567.6,NA,50
D19,DWP,field_moist,0,4.59,457.99,83.25,339.5,153,FIELD_MOIST_INCUBATION,8,2017-07-21T19:00:00Z,2017-07-22T00:00:00Z,579.92,NA,50
D20,DWP,field_moist,0,4.77,387.1,80.35,337.5,154,FIELD_MOIST_INCUBATION,15,2017-07-21T19:00:00Z,2017-07-22T00:00:00Z,492.28,NA,50
D21,DWP,drought,0,4.755,431.48,88.15,331.5,61,DROUGHT_PRE_INCUBATION,3,2017-07-22T21:00:00Z,2017-07-23T05:00:00Z,505.34,NA,84
D22,DWP,drought,0,5.575,421.19,81.85,332.5,62,DROUGHT_PRE_INCUBATION,5,2017-07-22T21:00:00Z,2017-07-23T05:00:00Z,490.42,NA,84
D23,DWP,drought,0,4.955,404.84,76.75,344.5,63,DROUGHT_PRE_INCUBATION,7,2017-07-22T21:00:00Z,2017-07-23T05:00:00Z,471.26,NA,84
D24,DWP,drought,0,4.78,307.07,78.85,340.5,64,DROUGHT_PRE_INCUBATION,8,2017-07-22T21:00:00Z,2017-07-23T05:00:00Z,372.34,NA,84
D25,DWP,drought,0,4.88,330.76,85.65,327.5,65,DROUGHT_PRE_INCUBATION,15,2017-07-22T21:00:00Z,2017-07-23T05:00:00Z,404.59,NA,84
D16,DWP,field_moist,NA,NA,NA,NA,NA,155,FIELD_MOIST_SATURATION,3,2017-07-24T00:15:00Z,2017-07-24T15:30:00Z,681.79,10,159
D17,DWP,field_moist,1,4.765,318.25,78.25,291.9,156,FIELD_MOIST_SATURATION,5,2017-07-24T00:15:00Z,2017-07-24T15:30:00Z,562.95,10,159
D18,DWP,field_moist,0,4.705,461.79,79.55,336.5,157,FIELD_MOIST_SATURATION,1,2017-07-24T00:15:00Z,2017-07-24T15:30:00Z,693.49,10,159
D19,DWP,field_moist,0,4.59,457.99,83.25,339.5,158,FIELD_MOIST_SATURATION,8,2017-07-24T00:15:00Z,2017-07-24T15:30:00Z,660.07,10,159
D20,DWP,field_moist,0,4.77,387.1,80.35,337.5,159,FIELD_MOIST_SATURATION,15,2017-07-24T00:15:00Z,2017-07-24T15:30:00Z,491.52,10,159
D21,DWP,drought,0,4.755,431.48,88.15,331.5,66,DROUGHT_INCUBATION,3,2017-07-25T16:40:00Z,2017-07-26T00:00:00Z,504.61,NA,75
D22,DWP,drought,0,5.575,421.19,81.85,332.5,67,DROUGHT_INCUBATION,5,2017-07-25T16:40:00Z,2017-07-26T00:00:00Z,489.93,NA,75
D23,DWP,drought,0,4.955,404.84,76.75,344.5,68,DROUGHT_INCUBATION,1,2017-07-25T16:40:00Z,2017-07-26T00:00:00Z,470.1,NA,75
D24,DWP,drought,0,4.78,307.07,78.85,340.5,69,DROUGHT_INCUBATION,8,2017-07-25T16:40:00Z,2017-07-26T00:00:00Z,372.31,NA,75
D25,DWP,drought,0,4.88,330.76,85.65,327.5,70,DROUGHT_INCUBATION,15,2017-07-25T16:40:00Z,2017-07-26T00:00:00Z,403.45,NA,75
D21,DWP,drought,0,4.755,431.48,88.15,331.5,71,DROUGHT_INCUBATION,3,2017-07-28T21:00:00Z,2017-07-29T15:00:00Z,504.4,NA,187
D22,DWP,drought,0,5.575,421.19,81.85,332.5,72,DROUGHT_INCUBATION,5,2017-07-28T21:00:00Z,2017-07-29T15:00:00Z,489.97,NA,187
D23,DWP,drought,0,4.955,404.84,76.75,344.5,73,DROUGHT_INCUBATION,1,2017-07-28T21:00:00Z,2017-07-29T15:00:00Z,469.15,NA,187
D24,DWP,drought,0,4.78,307.07,78.85,340.5,74,DROUGHT_INCUBATION,8,2017-07-28T21:00:00Z,2017-07-29T15:00:00Z,372.39,NA,187
D25,DWP,drought,0,4.88,330.76,85.65,327.5,75,DROUGHT_INCUBATION,15,2017-07-28T21:00:00Z,2017-07-29T15:00:00Z,402.88,NA,187
D21,DWP,drought,0,4.755,431.48,88.15,331.5,76,DROUGHT_INCUBATION,3,2017-08-01T17:00:00Z,2017-08-02T01:00:00Z,504.19,NA,83
D22,DWP,drought,0,5.575,421.19,81.85,332.5,77,DROUGHT_INCUBATION,5,2017-08-01T17:00:00Z,2017-08-02T01:00:00Z,489.78,NA,83
D23,DWP,drought,0,4.955,404.84,76.75,344.5,78,DROUGHT_INCUBATION,1,2017-08-01T17:00:00Z,2017-08-02T01:00:00Z,468.26,NA,83
D24,DWP,drought,0,4.78,307.07,78.85,340.5,79,DROUGHT_INCUBATION,8,2017-08-01T17:00:00Z,2017-08-02T01:00:00Z,372.26,NA,83
D25,DWP,drought,0,4.88,330.76,85.65,327.5,80,DROUGHT_INCUBATION,15,2017-08-01T17:00:00Z,2017-08-02T01:00:00Z,402.49,NA,83
D21,DWP,drought,0,4.755,431.48,88.15,331.5,81,DROUGHT_INCUBATION,3,2017-08-04T17:00:00Z,2017-08-04T22:00:00Z,504.21,NA,0
D22,DWP,drought,0,5.575,421.19,81.85,332.5,82,DROUGHT_INCUBATION,5,2017-08-04T17:00:00Z,2017-08-04T22:00:00Z,489.91,NA,0
D23,DWP,drought,0,4.955,404.84,76.75,344.5,83,DROUGHT_INCUBATION,1,2017-08-04T17:00:00Z,2017-08-04T22:00:00Z,467.77,NA,0
D24,DWP,drought,0,4.78,307.07,78.85,340.5,84,DROUGHT_INCUBATION,8,2017-08-04T17:00:00Z,2017-08-04T22:00:00Z,372.42,NA,0
D25,DWP,drought,0,4.88,330.76,85.65,327.5,85,DROUGHT_INCUBATION,15,2017-08-04T17:00:00Z,2017-08-04T22:00:00Z,402.44,NA,0
D21,DWP,drought,0,4.755,431.48,88.15,331.5,86,DROUGHT_INCUBATION,3,2017-08-08T21:50:00Z,2017-08-09T17:13:00Z,503.91,NA,200
D22,DWP,drought,0,5.575,421.19,81.85,332.5,87,DROUGHT_INCUBATION,5,2017-08-08T21:50:00Z,2017-08-09T17:13:00Z,490.95,NA,200
D23,DWP,drought,0,4.955,404.84,76.75,344.5,88,DROUGHT_INCUBATION,1,2017-08-08T21:50:00Z,2017-08-09T17:13:00Z,467.67,NA,200
D24,DWP,drought,0,4.78,307.07,78.85,340.5,89,DROUGHT_INCUBATION,8,2017-08-08T21:50:00Z,2017-08-09T17:13:00Z,372.47,NA,200
D25,DWP,drought,0,4.88,330.76,85.65,327.5,90,DROUGHT_INCUBATION,15,2017-08-08T21:50:00Z,2017-08-09T17:13:00Z,402.47,NA,200
D21,DWP,drought,0,4.755,431.48,88.15,331.5,91,DROUGHT_INCUBATION,3,2017-08-10T15:31:00Z,2017-08-12T06:59:00Z,503.78,NA,243
D22,DWP,drought,0,5.575,421.19,81.85,332.5,92,DROUGHT_INCUBATION,5,2017-08-10T15:31:00Z,2017-08-12T06:59:00Z,489.83,NA,243
D23,DWP,drought,0,4.955,404.84,76.75,344.5,93,DROUGHT_INCUBATION,1,2017-08-10T15:31:00Z,2017-08-12T06:59:00Z,467.55,NA,243
D24,DWP,drought,0,4.78,307.07,78.85,340.5,94,DROUGHT_INCUBATION,8,2017-08-10T15:31:00Z,2017-08-12T06:59:00Z,372.37,NA,243
D25,DWP,drought,0,4.88,330.76,85.65,327.5,95,DROUGHT_INCUBATION,15,2017-08-10T15:31:00Z,2017-08-12T06:59:00Z,403.33,NA,243
D21,DWP,drought,0,4.755,431.48,88.15,331.5,96,DROUGHT_INCUBATION,3,2017-08-13T19:53:00Z,2017-08-14T00:30:00Z,503.69,NA,47
D22,DWP,drought,0,5.575,421.19,81.85,332.5,97,DROUGHT_INCUBATION,5,2017-08-13T19:53:00Z,2017-08-14T00:30:00Z,489.78,NA,47
D23,DWP,drought,0,4.955,404.84,76.75,344.5,98,DROUGHT_INCUBATION,1,2017-08-13T19:53:00Z,2017-08-14T00:30:00Z,467.42,NA,47
D24,DWP,drought,0,4.78,307.07,78.85,340.5,99,DROUGHT_INCUBATION,8,2017-08-13T19:53:00Z,2017-08-14T00:30:00Z,372.33,NA,47
D25,DWP,drought,0,4.88,330.76,85.65,327.5,100,DROUGHT_INCUBATION,15,2017-08-13T19:53:00Z,2017-08-14T00:30:00Z,403.23,NA,47
D21,DWP,drought,0,4.755,431.48,88.15,331.5,101,DROUGHT_INCUBATION,3,2017-08-16T22:00:00Z,2017-08-17T06:59:00Z,503.7,NA,93
D22,DWP,drought,0,5.575,421.19,81.85,332.5,102,DROUGHT_INCUBATION,5,2017-08-16T22:00:00Z,2017-08-17T06:59:00Z,489.77,NA,93
D23,DWP,drought,0,4.955,404.84,76.75,344.5,103,DROUGHT_INCUBATION,1,2017-08-16T22:00:00Z,2017-08-17T06:59:00Z,467.42,NA,93
D24,DWP,drought,0,4.78,307.07,78.85,340.5,104,DROUGHT_INCUBATION,8,2017-08-16T22:00:00Z,2017-08-17T06:59:00Z,372.33,NA,93
D21,DWP,drought,0,4.755,431.48,88.15,331.5,105,DROUGHT_INCUBATION,3,2017-08-18T19:15:00Z,2017-08-19T03:00:00Z,503.15,NA,80
D22,DWP,drought,0,5.575,421.19,81.85,332.5,106,DROUGHT_INCUBATION,5,2017-08-18T19:15:00Z,2017-08-19T03:00:00Z,489.64,NA,80
D23,DWP,drought,0,4.955,404.84,76.75,344.5,107,DROUGHT_INCUBATION,1,2017-08-18T19:15:00Z,2017-08-19T03:00:00Z,467.36,NA,80
D24,DWP,drought,0,4.78,307.07,78.85,340.5,108,DROUGHT_INCUBATION,8,2017-08-18T19:15:00Z,2017-08-19T03:00:00Z,372.3,NA,80
D25,DWP,drought,0,4.88,330.76,85.65,327.5,109,DROUGHT_INCUBATION,15,2017-08-18T19:15:00Z,2017-08-19T03:00:00Z,402.13,NA,80
D21,DWP,drought,0,4.755,431.48,88.15,331.5,110,DROUGHT_SATURATION,3,2017-08-23T17:00:00Z,2017-08-24T00:00:00Z,503.06,10,74
D22,DWP,drought,0,5.575,421.19,81.85,332.5,111,DROUGHT_SATURATION,5,2017-08-23T17:00:00Z,2017-08-24T00:00:00Z,489.64,10,74
D23,DWP,drought,0,4.955,404.84,76.75,344.5,112,DROUGHT_SATURATION,1,2017-08-23T17:00:00Z,2017-08-24T00:00:00Z,467.3,10,74
D24,DWP,drought,0,4.78,307.07,78.85,340.5,113,DROUGHT_SATURATION,8,2017-08-23T17:00:00Z,2017-08-24T00:00:00Z,372.28,10,74
D25,DWP,drought,0,4.88,330.76,85.65,327.5,114,DROUGHT_SATURATION,15,2017-08-23T17:00:00Z,2017-08-24T00:00:00Z,402.04,10,74
